date,cpi,fed_rate,oil_price,unemployment,industrial_production,money_supply_m2,retail_sales,capacity_utilization,treasury_10y,ppi,consumer_sentiment,gold_price
1992-01-01,138.3,4.03,18.785454545454545,7.3,61.4616,3381.2,115095.0,79.3278,7.03,115.6,67.5,354.45
1992-02-01,138.6,4.06,19.0125,7.4,61.8955,3400.0,114855.0,79.7329,7.34,116.0,68.8,353.91
1992-03-01,139.1,3.98,18.921818181818182,7.4,62.4232,3403.9,114052.0,80.2464,7.54,116.1,76.0,344.34
1992-04-01,139.4,3.73,20.23,7.4,62.897,3399.7,114721.0,80.6802,7.48,116.3,77.2,338.62
1992-05-01,139.7,3.82,20.9755,7.6,63.104,3398.6,114868.0,80.764,7.39,117.2,79.2,337.24
1992-06-01,140.1,3.76,22.384545454545453,7.8,63.1363,3393.4,115064.0,80.6204,7.26,118.0,80.4,340.81
1992-07-01,140.5,3.25,21.77521739130435,7.7,63.7176,3393.9,115911.0,81.1771,6.84,117.9,76.6,352.72
1992-08-01,140.8,3.3,21.33904761904762,7.6,63.3613,3398.8,115349.0,80.5433,6.59,117.7,76.1,343.06
1992-09-01,141.1,3.22,21.881363636363634,7.6,63.5703,3410.3,116485.0,80.6355,6.42,118.0,75.6,345.43
1992-10-01,141.7,3.1,21.68590909090909,7.3,63.9995,3423.8,117193.0,81.0138,6.59,118.1,73.3,344.38
1992-11-01,142.1,3.09,20.3385,7.4,64.2422,3426.5,116906.0,81.1636,6.87,117.8,85.3,335.02
1992-12-01,142.3,2.92,19.41409090909091,7.4,64.3507,3424.7,117843.0,81.1549,6.77,117.6,91.0,334.82
1993-01-01,142.8,3.02,19.032,7.3,64.5978,3419.1,118697.0,81.3264,6.6,118.0,89.3,329.01
1993-02-01,143.1,3.03,20.086111111111112,7.1,64.9089,3414.5,117987.0,81.5884,6.26,118.4,86.6,329.31
1993-03-01,143.3,3.07,20.32217391304348,7.0,64.8522,3411.7,117015.0,81.3955,5.98,118.7,85.9,330.08
1993-04-01,143.8,2.96,20.2525,7.1,65.0301,3411.3,119682.0,81.5045,5.97,119.3,85.6,342.15
1993-05-01,144.2,3.0,19.9495,7.1,64.784,3436.9,119945.0,81.0851,6.04,119.7,80.3,367.18
1993-06-01,144.3,3.04,19.09409090909091,7.0,64.9301,3442.4,119902.0,81.1568,5.96,119.5,81.5,371.89
1993-07-01,144.5,3.06,17.89,6.9,65.1052,3442.0,121676.0,81.262,5.81,119.2,77.0,392.19
1993-08-01,144.8,3.03,18.01090909090909,6.8,65.0267,3445.7,121017.0,81.0442,5.68,118.7,77.3,378.84
1993-09-01,145.0,3.09,17.504285714285714,6.7,65.3717,3452.2,121799.0,81.3448,5.36,118.7,77.9,355.28
1993-10-01,145.6,2.99,18.153333333333332,6.8,65.8509,3456.7,121970.0,81.7992,5.33,119.1,82.7,364.18
1993-11-01,146.0,3.02,16.60904761904762,6.6,66.1518,3470.1,123122.0,82.0178,5.72,119.0,81.2,373.83
1993-12-01,146.3,2.96,14.514761904761905,6.5,66.5436,3474.5,123771.0,82.3349,5.77,118.6,88.2,383.3
1994-01-01,146.3,3.05,15.026666666666667,6.6,66.7351,3474.9,122772.0,82.3903,5.75,119.1,94.3,386.88
1994-02-01,146.7,3.25,14.78105263157895,6.6,66.774,3475.7,124813.0,82.2437,5.97,119.3,93.2,381.91
1994-03-01,147.1,3.34,14.680869565217392,6.5,67.4552,3480.1,126935.0,82.871,6.48,119.7,91.5,384.13
1994-04-01,147.2,3.56,16.419999999999998,6.4,67.8541,3481.3,126646.0,83.1358,6.97,119.7,92.6,377.27
1994-05-01,147.5,4.01,17.88904761904762,6.1,68.1663,3490.8,125841.0,83.2793,7.18,119.9,92.8,381.43
1994-06-01,147.9,4.25,19.06,6.1,68.6265,3479.5,126978.0,83.5893,7.1,120.5,91.2,385.64
1994-07-01,148.4,4.26,19.654500000000002,6.1,68.7178,3488.2,126726.0,83.4406,7.3,120.7,89.0,385.49
1994-08-01,149.0,4.47,18.383478260869566,6.0,69.1785,3485.7,128034.0,83.7334,7.24,121.2,91.7,380.36
1994-09-01,149.3,4.73,17.445714285714285,5.9,69.3961,3486.1,128992.0,83.7254,7.46,121.0,91.5,391.58
1994-10-01,149.4,4.76,17.716190476190476,5.8,69.9544,3484.3,129795.0,84.1216,7.74,120.9,92.7,389.77
1994-11-01,149.8,5.29,18.069499999999998,5.6,70.4326,3487.2,129790.0,84.414,7.96,121.5,91.6,384.39
1994-12-01,150.1,5.45,17.15952380952381,5.5,71.1523,3486.4,129873.0,84.9892,7.81,121.9,95.1,379.29
1995-01-01,150.5,5.53,18.039523809523807,5.6,71.2734,3492.4,130171.0,84.8472,7.78,122.9,97.6,378.55
1995-02-01,150.9,5.92,18.57,5.4,71.193,3489.9,127944.0,84.4634,7.47,123.5,95.1,376.64
1995-03-01,151.2,5.98,18.539130434782606,5.4,71.3113,3491.1,129087.0,84.3123,7.2,123.9,90.3,382.12
1995-04-01,151.8,6.05,19.896315789473682,5.8,71.1882,3499.2,128663.0,83.8748,7.06,124.6,92.5,391.03
1995-05-01,152.1,6.01,19.741818181818182,5.6,71.5378,3524.2,130217.0,83.9876,6.63,124.9,89.8,385.22
1995-06-01,152.4,6.0,18.44590909090909,5.6,71.7749,3548.9,131485.0,83.9584,6.17,125.3,92.7,387.56
1995-07-01,152.6,5.85,17.325499999999998,5.7,71.4748,3567.4,130478.0,83.2944,6.28,125.3,94.4,386.23
1995-08-01,152.9,5.74,18.020869565217392,5.7,72.4223,3589.0,131509.0,84.0724,6.49,125.1,96.2,383.67
1995-09-01,153.1,5.8,18.2255,5.6,72.7144,3602.1,131507.0,84.0747,6.2,125.2,88.9,383.06
1995-10-01,153.5,5.76,17.43318181818182,5.5,72.5866,3613.4,130682.0,83.58,6.04,125.3,90.2,383.14
1995-11-01,153.7,5.8,17.9925,5.6,72.7779,3619.9,132430.0,83.4429,5.93,125.4,88.2,385.31
1995-12-01,153.9,5.6,19.026500000000002,5.6,73.0305,3629.5,132574.0,83.3654,5.71,125.7,91.0,387.44
1996-01-01,154.7,5.56,18.854545454545455,5.6,72.6125,3647.9,131734.0,82.5158,5.65,126.3,89.3,399.45
1996-02-01,155.0,5.22,19.0935,5.5,73.6752,3661.8,133468.0,83.3451,5.81,126.2,88.5,404.76
1996-03-01,155.5,5.31,21.33238095238095,5.5,73.585,3686.9,133537.0,82.8594,6.27,126.4,93.7,396.21
1996-04-01,156.1,5.22,23.497142857142858,5.6,74.3172,3697.7,134077.0,83.2941,6.51,127.4,92.7,392.85
1996-05-01,156.4,5.24,21.165454545454544,5.6,74.8726,3709.6,135011.0,83.5236,6.74,128.1,89.4,391.93
1996-06-01,156.7,5.27,20.4235,5.3,75.4433,3722.5,133678.0,83.7665,6.91,128.0,92.4,385.27
1996-07-01,157.0,5.4,21.302272727272726,5.5,75.4549,3737.1,134285.0,83.3918,6.87,128.0,94.7,383.47
1996-08-01,157.2,5.22,21.903181818181817,5.1,75.8411,3744.0,134126.0,83.4315,6.64,128.3,95.3,387.35
1996-09-01,157.7,5.3,23.9715,5.2,76.3158,3753.4,135214.0,83.564,6.83,128.2,94.7,383.14
1996-10-01,158.2,5.24,24.87913043478261,5.2,76.3384,3772.8,136236.0,83.1973,6.53,128.0,96.5,381.07
1996-11-01,158.7,5.31,23.705000000000002,5.4,77.0397,3795.1,135581.0,83.5622,6.2,128.2,99.2,377.85
1996-12-01,159.1,5.29,25.228571428571428,5.4,77.5333,3818.6,135569.0,83.6933,6.3,129.1,96.9,369.0
1997-01-01,159.4,5.25,25.13181818181818,5.3,77.6562,3834.6,136841.0,83.4262,6.58,129.7,97.4,355.11
1997-02-01,159.7,5.19,22.176315789473687,5.2,78.5833,3846.3,137500.0,84.0084,6.42,128.5,99.7,346.58
1997-03-01,159.8,5.39,20.965,5.2,79.082,3861.2,138416.0,84.12,6.69,127.3,100.0,351.81
1997-04-01,159.9,5.51,19.695454545454545,5.1,79.1747,3877.0,136288.0,83.7916,6.89,127.0,101.4,344.47
1997-05-01,159.9,5.5,20.81904761904762,4.9,79.6133,3889.2,136192.0,83.8144,6.71,127.4,103.2,343.84
1997-06-01,160.2,5.56,19.26,5.0,79.9792,3906.0,137474.0,83.7402,6.49,127.2,104.5,340.76
1997-07-01,160.4,5.52,19.663636363636364,4.9,80.6624,3923.9,139018.0,83.978,6.22,126.9,107.1,324.1
1997-08-01,160.8,5.54,19.95285714285714,4.8,81.4694,3957.4,138756.0,84.3178,6.3,127.2,104.4,324.01
1997-09-01,161.2,5.54,19.803333333333335,4.9,82.2156,3973.1,139274.0,84.5693,6.21,127.5,106.0,322.82
1997-10-01,161.5,5.5,21.32521739130435,4.7,82.9446,3992.3,138885.0,84.7793,6.03,127.8,105.6,324.87
1997-11-01,161.7,5.52,20.19388888888889,4.6,83.5978,4014.8,138354.0,84.8918,5.88,127.9,107.2,306.04
1997-12-01,161.8,5.5,18.332727272727272,4.7,83.9538,4032.9,139206.0,84.692,5.81,126.8,102.1,288.74
1998-01-01,162.0,5.56,16.724,4.6,84.3218,4056.2,139478.0,84.4984,5.54,125.4,106.6,289.1
1998-02-01,162.0,5.51,16.06,4.6,84.4583,4088.9,139349.0,84.074,5.57,125.0,110.4,297.49
1998-03-01,162.0,5.49,15.115454545454547,4.7,84.488,4114.3,140055.0,83.5488,5.65,124.7,106.5,295.94
1998-04-01,162.2,5.45,15.353809523809524,4.3,84.7779,4140.2,142052.0,83.2923,5.64,124.9,108.7,308.29
1998-05-01,162.6,5.49,14.914000000000001,4.4,85.3367,4164.4,142063.0,83.3136,5.65,125.1,106.5,299.1
1998-06-01,162.8,5.56,13.72181818181818,4.5,84.8248,4184.1,143248.0,82.3151,5.5,124.8,105.6,292.32
1998-07-01,163.2,5.54,14.172727272727274,4.5,84.4986,4203.8,141882.0,81.5396,5.46,124.9,105.2,292.87
1998-08-01,163.4,5.55,13.47190476190476,4.5,86.248,4228.7,140632.0,82.7869,5.34,124.2,104.4,284.11
1998-09-01,163.5,5.51,15.031428571428572,4.6,86.2021,4267.7,142084.0,82.3253,4.81,123.8,100.9,288.98
1998-10-01,163.9,5.07,14.460909090909091,4.5,86.7914,4307.9,144096.0,82.4879,4.53,124.0,97.4,295.93
1998-11-01,164.1,4.83,13.002105263157894,4.4,86.7256,4346.6,144785.0,82.0403,4.83,123.6,102.7,294.12
1998-12-01,164.4,4.68,11.347272727272726,4.4,87.1185,4375.6,146071.0,82.0415,4.65,122.8,100.5,291.68
1999-01-01,164.7,4.63,12.514736842105263,4.3,87.4949,4403.0,145883.0,82.0391,4.72,122.9,103.9,287.08
1999-02-01,164.7,4.76,12.013684210526316,4.4,88.027,4425.8,147751.0,82.1916,5.0,122.3,108.1,287.33
1999-03-01,164.8,4.81,14.676521739130434,4.2,88.2267,4432.6,148475.0,82.0452,5.23,122.6,105.7,285.96
1999-04-01,165.9,4.74,17.312380952380952,4.3,88.4295,4461.4,148661.0,81.9153,5.18,123.6,104.6,282.62
1999-05-01,166.0,4.74,17.7185,4.2,88.9886,4486.1,149619.0,82.124,5.54,124.7,106.8,276.44
1999-06-01,166.0,4.76,17.923181818181817,4.3,88.9188,4508.0,150198.0,81.7593,5.9,125.2,107.3,261.31
1999-07-01,166.7,4.99,20.103333333333335,4.3,89.4333,4535.4,150728.0,81.9405,5.79,125.7,106.0,256.08
1999-08-01,167.1,5.07,21.278636363636362,4.2,89.7924,4552.7,151911.0,81.9786,5.94,126.9,104.5,256.69
1999-09-01,167.8,5.22,23.796666666666667,4.2,89.4299,4568.8,151984.0,81.3642,5.92,128.0,107.2,264.74
1999-10-01,168.1,5.2,22.69142857142857,4.1,90.523,4592.7,151586.0,82.0771,6.11,127.7,103.2,310.72
1999-11-01,168.4,5.42,25.00238095238095,4.1,90.9618,4611.8,153286.0,82.198,6.03,128.3,107.2,293.18
1999-12-01,168.8,5.3,26.10238095238095,4.0,91.6634,4639.3,155990.0,82.5592,6.28,127.8,105.4,283.07
2000-01-01,169.3,5.45,27.259473684210523,4.0,91.538,4667.6,154486.0,82.179,6.66,128.3,112.0,284.32
2000-02-01,170.0,5.73,29.366000000000003,4.1,91.8239,4680.9,156286.0,82.1719,6.52,129.8,111.3,299.86
2000-03-01,171.0,5.85,29.84173913043478,4.0,92.1504,4711.7,157321.0,82.2023,6.26,130.8,107.1,286.39
2000-04-01,170.9,6.02,25.722105263157896,3.8,92.6989,4767.8,154516.0,82.4316,5.99,130.7,109.2,279.69
2000-05-01,171.2,6.27,28.78818181818182,4.0,92.9499,4755.7,155369.0,82.3967,6.44,131.6,110.7,275.19
2000-06-01,172.2,6.53,31.82227272727273,4.0,92.9862,4773.6,155488.0,82.1729,6.1,133.8,106.4,285.73
2000-07-01,172.7,6.54,29.69684210526316,4.0,92.8048,4791.3,153841.0,81.7603,6.05,133.7,108.3,281.59
2000-08-01,172.7,6.5,31.26391304347826,4.1,92.5521,4819.5,154537.0,81.2857,5.83,132.9,107.3,274.47
2000-09-01,173.6,6.52,33.884,3.9,92.9792,4855.2,155831.0,81.4061,5.8,134.7,106.8,273.68
2000-10-01,173.9,6.51,33.108636363636364,3.9,92.6179,4871.3,155457.0,80.8334,5.74,135.4,105.8,270.0
2000-11-01,174.2,6.51,34.417142857142856,3.9,92.6438,4882.7,154334.0,80.5963,5.72,135.0,107.6,266.01
2000-12-01,174.6,6.4,28.436500000000002,3.9,92.3415,4927.6,153687.0,80.0735,5.24,136.2,98.4,271.45
2001-01-01,175.6,5.98,29.585714285714282,4.2,91.902,4978.3,155399.0,79.4332,5.16,140.0,94.7,265.49
2001-02-01,176.0,5.49,29.609473684210528,4.2,91.3034,5017.0,154902.0,78.6604,5.1,137.4,90.6,261.87
2001-03-01,176.1,5.31,27.244545454545456,4.3,91.1162,5074.8,153220.0,78.2472,4.89,135.9,91.5,263.03
2001-04-01,176.4,4.8,27.49,4.4,90.7891,5139.1,155561.0,77.7206,5.14,136.4,88.4,260.48
2001-05-01,177.3,4.21,28.62909090909091,4.3,90.3555,5137.2,155538.0,77.1128,5.39,136.8,92.0,272.36
2001-06-01,177.7,3.97,27.59904761904762,4.5,89.8784,5180.1,154459.0,76.4807,5.28,135.5,92.6,270.23
2001-07-01,177.4,3.77,26.4247619047619,4.6,89.3028,5210.0,153945.0,75.7806,5.24,133.4,92.4,267.53
2001-08-01,177.4,3.65,27.37391304347826,4.9,89.2003,5243.8,155388.0,75.4938,4.97,133.4,91.5,272.39
2001-09-01,178.1,3.07,26.199473684210528,5.0,88.7485,5355.1,150843.0,74.9237,4.73,133.3,81.8,283.42
2001-10-01,177.6,2.49,22.169565217391302,5.3,88.5052,5343.8,162518.0,74.5431,4.57,130.3,82.7,283.06
2001-11-01,177.5,2.09,19.634999999999998,5.5,87.97,5387.5,157765.0,73.9318,4.65,129.8,83.9,276.16
2001-12-01,177.4,1.82,19.388947368421054,5.7,87.9324,5440.5,155751.0,73.7552,5.09,128.1,88.8,275.85
2002-01-01,177.7,1.73,19.714761904761904,5.7,88.5176,5460.9,155957.0,74.1161,5.04,128.5,93.0,281.51
2002-02-01,178.0,1.74,20.723684210526315,5.7,88.5278,5490.2,156668.0,74.0132,4.91,128.4,90.7,295.5
2002-03-01,178.5,1.73,24.531,5.7,89.1686,5502.0,155787.0,74.4558,5.28,129.8,95.7,294.06
2002-04-01,179.3,1.75,26.179090909090913,5.9,89.604,5502.1,156803.0,74.7452,5.21,130.8,93.0,302.68
2002-05-01,179.5,1.75,27.041363636363634,5.8,89.964,5528.3,155413.0,74.9894,5.16,130.8,96.9,314.49
2002-06-01,179.6,1.75,25.5185,5.8,90.7061,5553.3,156139.0,75.569,4.93,130.9,92.4,321.18
2002-07-01,180.0,1.73,26.966190476190473,5.8,90.6769,5596.0,157867.0,75.5228,4.65,131.2,88.1,313.29
2002-08-01,180.5,1.74,28.385,5.7,90.5762,5638.3,158384.0,75.4317,4.26,131.5,87.6,310.26
2002-09-01,180.8,1.75,29.6635,5.7,90.6531,5662.3,155456.0,75.4995,3.87,132.3,86.1,319.14
2002-10-01,181.2,1.75,28.836521739130436,5.7,90.4643,5707.1,156148.0,75.3553,3.94,133.2,80.6,316.56
2002-11-01,181.5,1.34,26.352105263157895,5.9,90.9711,5758.1,156148.0,75.8001,4.05,133.1,84.2,319.07
2002-12-01,181.8,1.24,29.460952380952378,6.0,90.4652,5779.4,157671.0,75.4073,4.03,132.9,86.7,331.92
2003-01-01,182.6,1.24,32.94714285714286,5.8,91.2361,5812.1,158082.0,76.0829,4.05,135.3,82.4,356.859
2003-02-01,183.6,1.26,35.828421052631576,5.9,91.3445,5848.2,155063.0,76.2008,3.9,137.6,79.9,358.97
2003-03-01,183.9,1.25,33.513333333333335,5.9,91.1044,5868.4,156703.0,76.0272,3.81,141.2,77.6,340.55
2003-04-01,183.2,1.26,28.170476190476194,6.0,90.5617,5905.5,157780.0,75.6028,3.96,136.8,86.0,328.18
2003-05-01,182.9,1.26,28.108571428571427,6.1,90.537,5965.3,158348.0,75.6099,3.57,136.7,92.1,355.683
2003-06-01,183.1,1.22,30.66238095238095,6.3,90.6527,6002.2,160388.0,75.7311,3.33,138.0,89.7,356.352
2003-07-01,183.7,1.01,30.754545454545454,6.2,91.1185,6049.1,161245.0,76.1369,3.98,137.7,90.9,351.02
2003-08-01,184.5,1.03,31.573809523809523,6.1,90.9197,6107.1,162380.0,75.9832,4.45,138.0,89.3,359.768
2003-09-01,185.1,1.01,28.31142857142857,6.1,91.5059,6079.7,161492.0,76.483,4.27,138.5,87.7,378.945
2003-10-01,184.9,1.01,30.338260869565215,6.0,91.6186,6070.0,161279.0,76.5884,4.29,139.3,89.6,378.92
2003-11-01,185.0,1.0,31.108333333333334,5.8,92.2329,6075.5,161856.0,77.1135,4.3,138.9,93.7,389.91
2003-12-01,185.5,0.98,32.12904761904762,5.7,92.2602,6073.8,162104.0,77.1489,4.27,139.5,92.6,406.953
2004-01-01,186.3,1.0,34.31,5.7,92.4006,6082.1,162100.0,77.2806,4.15,141.4,103.8,413.788
2004-02-01,186.7,1.01,34.68473684210526,5.6,92.958,6121.8,162783.0,77.7639,4.08,142.1,94.4,404.878
2004-03-01,187.1,1.0,36.74130434782609,5.8,92.5861,6157.9,165404.0,77.4721,3.83,143.1,95.8,406.667
2004-04-01,187.4,1.0,36.75,5.6,92.93,6198.9,164012.0,77.7807,4.35,144.8,94.2,403.26
2004-05-01,188.2,1.0,40.275,5.6,93.6013,6275.7,165296.0,78.3623,4.72,146.8,90.2,383.779
2004-06-01,188.9,1.03,38.025238095238095,5.6,92.871,6277.9,163646.0,77.7669,4.73,147.2,95.6,392.373
2004-07-01,189.1,1.26,40.77809523809524,5.5,93.5649,6291.1,164823.0,78.3594,4.5,147.4,96.7,398.091
2004-08-01,189.2,1.43,44.90318181818182,5.4,93.6277,6317.8,164478.0,78.4167,4.28,148.0,95.9,400.51
2004-09-01,189.8,1.61,45.93571428571428,5.4,93.7467,6352.2,167253.0,78.5109,4.13,147.7,94.2,405.275
2004-10-01,190.8,1.76,53.28047619047619,5.5,94.5465,6379.8,166916.0,79.1635,4.1,150.0,91.7,420.464
2004-11-01,191.7,1.93,48.469,5.4,94.7813,6406.3,167199.0,79.3296,4.19,151.4,92.8,439.375
2004-12-01,191.7,2.16,43.14952380952381,5.4,95.5365,6424.5,169365.0,79.9179,4.23,150.2,97.1,442.079
2005-01-01,191.6,2.28,46.837,5.3,95.8801,6430.8,167678.0,80.1494,4.22,150.9,95.5,424.03
2005-02-01,192.4,2.5,48.148947368421055,5.4,96.5761,6438.9,169079.0,80.6584,4.17,151.6,94.1,423.35
2005-03-01,193.1,2.63,54.186818181818175,5.2,96.4456,6448.3,168917.0,80.4638,4.5,153.7,92.6,433.85
2005-04-01,193.7,2.79,52.97904761904762,5.2,96.6532,6461.8,169914.0,80.5421,4.34,155.0,87.7,429.233
2005-05-01,193.6,3.0,49.83380952380952,5.1,96.7402,6479.0,169025.0,80.5094,4.14,154.3,86.9,421.873
2005-06-01,193.7,3.04,56.35227272727273,5.0,97.1753,6511.7,174093.0,80.7567,4.0,154.3,96.0,430.657
2005-07-01,194.9,3.26,58.99550000000001,5.0,96.8676,6543.5,174207.0,80.3802,4.18,156.3,96.5,424.479
2005-08-01,196.1,3.5,64.98521739130435,4.9,97.1833,6576.3,171140.0,80.5172,4.26,157.6,89.1,437.93
2005-09-01,198.8,3.62,65.58666666666666,5.0,95.3005,6610.1,169316.0,78.8319,4.2,162.2,76.9,456.048
2005-10-01,199.1,3.78,62.260000000000005,5.0,96.4572,6643.9,169138.0,79.6607,4.46,166.2,74.2,469.898
2005-11-01,198.1,4.0,58.322500000000005,5.0,97.5414,6660.7,171489.0,80.426,4.54,163.7,81.6,476.666
2005-12-01,198.1,4.16,59.411904761904765,4.9,98.0452,6687.8,171577.0,80.7109,4.47,163.0,91.5,510.097
2006-01-01,199.3,4.29,65.485,4.7,98.1999,6730.1,175446.0,80.7078,4.42,164.3,91.2,549.864
2006-02-01,199.4,4.49,61.631052631578946,4.8,98.2413,6754.7,174033.0,80.6111,4.57,161.8,86.7,554.995
2006-03-01,199.7,4.59,62.68521739130435,4.7,98.4628,6769.3,174440.0,80.6609,4.72,162.2,88.9,557.093
2006-04-01,200.7,4.79,69.44368421052631,4.7,98.7618,6806.9,174426.0,80.7713,4.99,164.3,87.4,610.653
2006-05-01,201.3,4.94,70.84409090909091,4.6,98.7869,6813.7,173318.0,80.6521,5.11,165.8,79.1,675.393
2006-06-01,201.8,4.99,70.9509090909091,4.6,99.0997,6851.8,173833.0,80.7601,5.11,166.1,84.9,596.145
2006-07-01,202.9,5.24,74.41105263157894,4.7,99.0489,6893.6,173443.0,80.5643,5.09,166.8,84.7,633.71
2006-08-01,203.8,5.25,73.04304347826087,4.7,99.4836,6925.1,173349.0,80.754,4.88,167.9,82.0,632.593
2006-09-01,202.8,5.25,63.798,4.5,99.3183,6952.4,173195.0,80.4492,4.72,165.4,85.4,598.186
2006-10-01,201.9,5.25,58.89318181818182,4.4,99.2044,7001.7,173866.0,80.1804,4.73,162.2,93.6,585.78
2006-11-01,202.0,5.25,59.0825,4.5,99.1627,7037.2,174315.0,79.9663,4.6,164.6,92.1,627.827
2006-12-01,203.1,5.24,61.959,4.4,100.1735,7080.1,175464.0,80.5985,4.56,165.6,91.7,629.791
2007-01-01,203.437,5.25,54.50619047619048,4.6,99.8346,7118.3,174891.0,80.1452,4.76,164.0,96.9,631.166
2007-02-01,204.226,5.26,59.27894736842105,4.5,100.7753,7134.3,174584.0,80.7218,4.72,166.8,91.3,664.745
2007-03-01,205.288,5.26,60.441818181818185,4.4,100.9547,7168.2,175078.0,80.6932,4.56,169.3,88.4,654.895
2007-04-01,205.904,5.25,63.977,4.5,101.6334,7240.7,174140.0,81.0737,4.69,171.4,87.1,679.368
2007-05-01,206.755,5.25,63.45454545454545,4.4,101.7306,7254.6,175611.0,81.0044,4.75,173.3,88.3,667.31
2007-06-01,207.234,5.25,67.48904761904762,4.6,101.7893,7287.8,173830.0,80.9238,5.1,173.8,85.3,655.66
2007-07-01,207.603,5.26,74.11761904761904,4.7,101.6672,7318.7,174260.0,80.7255,5.0,175.1,90.4,665.38
2007-08-01,207.667,5.02,72.35608695652174,4.6,101.863,7394.8,175125.0,80.8082,4.67,172.4,83.4,665.411
2007-09-01,208.547,4.94,79.91473684210526,4.7,102.0894,7413.0,175106.0,80.9387,4.52,173.5,83.4,712.653
2007-10-01,209.19,4.76,85.7986956521739,4.7,101.8015,7428.1,175593.0,80.6837,4.53,174.7,80.9,754.604
2007-11-01,210.834,4.49,94.77238095238096,4.7,102.3446,7453.6,175862.0,81.1065,4.15,179.0,76.1,806.248
2007-12-01,211.445,4.24,91.687,5.0,102.3803,7483.9,173364.0,81.1425,4.1,178.6,75.5,803.203
2008-01-01,212.174,3.94,92.97047619047619,5.0,102.2448,7517.5,173145.0,81.0549,3.74,181.0,78.4,889.595
2008-02-01,212.687,2.98,95.386,4.9,101.8438,7604.0,171203.0,80.7602,3.74,182.7,70.8,922.298
2008-03-01,213.448,2.61,105.454,5.1,101.5336,7670.0,171079.0,80.5381,3.51,187.9,69.5,968.434
2008-04-01,213.942,2.28,112.58045454545454,5.0,100.8785,7712.5,170521.0,80.0376,3.68,190.9,62.6,909.705
2008-05-01,215.208,1.98,125.39761904761905,5.4,100.2674,7725.2,171116.0,79.5579,3.88,196.6,59.8,888.663
2008-06-01,217.463,2.0,133.88,5.6,100.0335,7743.9,169650.0,79.3571,4.1,200.5,56.4,889.488
2008-07-01,219.016,2.01,133.3709090909091,5.8,99.676,7791.2,167839.0,79.0325,4.01,205.5,61.2,939.772
2008-08-01,218.69,2.0,116.66619047619047,6.1,98.1111,7805.8,166725.0,77.7251,3.89,199.0,63.0,839.025
2008-09-01,218.877,1.81,104.11428571428571,6.1,93.7895,7872.4,164015.0,74.2216,3.69,196.9,70.3,829.932
2008-10-01,216.995,0.97,76.6086956521739,6.5,94.7219,7974.9,159514.0,74.8669,3.81,186.4,57.6,806.62
2008-11-01,213.153,0.39,57.30947368421053,6.8,93.4715,8027.0,155990.0,73.782,3.53,176.8,55.3,760.863
2008-12-01,211.398,0.16,41.121818181818185,7.3,90.8357,8204.7,153628.0,71.607,2.42,170.9,60.1,816.092
2009-01-01,211.933,0.15,41.71,7.8,88.57,8289.0,155609.0,69.7304,2.52,171.2,61.2,858.69
2009-02-01,212.705,0.22,39.08736842105263,8.3,88.031,8319.3,154381.0,69.2326,2.87,169.3,56.3,943.0
2009-03-01,212.495,0.18,47.939090909090915,8.7,86.6528,8386.4,151831.0,68.0889,2.82,168.1,57.3,924.273
2009-04-01,212.709,0.15,49.64666666666666,9.0,85.9344,8391.1,152473.0,67.4762,2.93,169.1,65.1,890.2
2009-05-01,213.022,0.18,59.028499999999994,9.4,85.0665,8449.2,153510.0,66.7676,3.29,170.8,68.7,928.645
2009-06-01,214.79,0.21,69.64090909090909,9.5,84.7459,8459.3,154675.0,66.5138,3.72,174.1,70.8,945.67
2009-07-01,214.726,0.16,64.15227272727272,9.5,85.7027,8463.5,155393.0,67.29,3.56,172.5,66.0,934.228
2009-08-01,215.445,0.16,71.04476190476191,9.6,86.6426,8463.0,157621.0,68.0795,3.59,175.0,65.7,949.375
2009-09-01,215.861,0.15,69.40809523809523,9.8,87.4063,8461.6,153338.0,68.7549,3.4,174.1,73.5,996.591
2009-10-01,216.509,0.12,75.71545454545455,10.0,87.6419,8487.9,154541.0,69.0357,3.39,175.2,70.6,1043.159
2009-11-01,217.234,0.12,77.99,9.9,88.0221,8517.0,155280.0,69.447,3.4,177.4,67.4,1127.036
2009-12-01,217.347,0.12,74.47,9.9,88.3793,8512.2,155850.0,69.8541,3.59,178.1,72.5,1134.724
2010-01-01,217.488,0.11,78.32578947368421,9.8,89.3426,8477.7,155913.0,70.7532,3.73,181.9,74.4,1117.963
2010-02-01,217.281,0.13,76.38736842105263,9.8,89.6779,8527.3,156286.0,71.1612,3.69,181.0,73.6,1095.413
2010-03-01,217.353,0.16,81.20347826086957,9.9,90.2928,8523.5,159636.0,71.7964,3.73,183.3,73.6,1113.337
2010-04-01,217.403,0.2,84.29285714285714,9.9,90.5991,8554.8,160931.0,72.1905,3.85,184.4,72.2,1148.688
2010-05-01,217.29,0.2,73.7435,9.6,91.823,8609.0,159629.0,73.3146,3.42,184.8,73.6,1205.434
2010-06-01,217.199,0.18,75.3359090909091,9.4,91.9928,8628.1,159538.0,73.5918,3.2,183.5,76.0,1232.92
2010-07-01,217.605,0.18,76.31952380952382,9.4,92.3421,8639.5,159744.0,74.0009,3.01,184.1,67.8,1192.966
2010-08-01,217.923,0.19,76.59909090909092,9.5,92.6805,8687.9,160235.0,74.3883,2.7,184.9,68.9,1215.81
2010-09-01,218.275,0.19,75.24190476190476,9.5,92.9537,8718.7,161346.0,74.7076,2.65,184.9,68.2,1270.977
2010-10-01,219.035,0.19,81.89285714285714,9.4,92.6903,8768.4,162629.0,74.58,2.54,186.6,67.7,1342.024
2010-11-01,219.59,0.19,84.25285714285714,9.8,92.7709,8789.0,163691.0,74.7131,2.76,187.7,71.6,1369.886
2010-12-01,220.472,0.18,89.14590909090909,9.3,93.6787,8823.2,164184.0,75.4968,3.29,189.7,74.5,1390.553
2011-01-01,221.187,0.17,89.1705,9.1,93.4814,8849.0,164745.0,75.3741,3.39,192.7,74.2,1360.46
2011-02-01,221.898,0.16,88.57842105263158,9.0,93.1102,8913.3,165605.0,75.0928,3.58,195.8,77.5,1374.68
2011-03-01,223.046,0.14,102.85652173913043,9.0,94.0788,8971.5,166233.0,75.8747,3.41,199.2,67.5,1423.26
2011-04-01,224.093,0.1,109.5325,9.1,93.7749,9035.1,166368.0,75.6127,3.46,203.1,69.8,1480.89
2011-05-01,224.806,0.09,100.90047619047618,9.0,93.888,9107.8,165701.0,75.6684,3.17,204.1,74.3,1512.58
2011-06-01,224.806,0.09,96.26409090909091,9.1,94.172,9182.1,167072.0,75.8425,3.0,203.9,71.5,1529.36
2011-07-01,225.395,0.07,97.3035,9.0,94.636,9344.2,166571.0,76.1431,3.0,204.6,63.7,1572.75
2011-08-01,226.106,0.1,86.33304347826088,9.0,95.2749,9531.0,166232.0,76.5667,2.3,203.2,55.8,1759.01
2011-09-01,226.597,0.08,85.51523809523809,9.0,95.1961,9551.5,167717.0,76.3992,1.98,203.7,59.5,1772.14
2011-10-01,226.75,0.07,86.32238095238095,8.8,95.8568,9584.4,168559.0,76.8123,2.15,201.1,60.8,1666.43
2011-11-01,227.169,0.08,97.16047619047619,8.6,95.8485,9636.5,168783.0,76.6783,2.01,201.4,63.7,1739.0
2011-12-01,227.223,0.07,98.56285714285715,8.5,96.3571,9683.9,168990.0,76.9495,1.98,199.8,69.9,1639.97
2012-01-01,227.842,0.08,100.2735,8.3,96.9318,9757.6,170088.0,77.2652,1.97,200.7,75.0,1654.05
2012-02-01,228.329,0.1,102.204,8.3,97.2435,9809.8,171818.0,77.3673,1.97,201.6,75.3,1744.82
2012-03-01,228.807,0.13,106.15772727272729,8.2,96.74,9853.9,172066.0,76.8194,2.17,204.2,76.2,1675.95
2012-04-01,229.187,0.14,103.321,8.2,97.4359,9907.7,171071.0,77.2234,2.05,203.7,76.4,1649.2
2012-05-01,228.713,0.16,94.65454545454546,8.2,97.6609,9951.4,171121.0,77.2546,1.8,201.9,79.3,1589.04
2012-06-01,228.524,0.16,82.30333333333333,8.2,97.6663,10021.6,169742.0,77.1149,1.62,199.8,73.2,1598.76
2012-07-01,228.59,0.16,87.8952380952381,8.2,97.8713,10074.5,170474.0,77.1372,1.53,200.1,72.3,1594.29
2012-08-01,229.918,0.13,94.13130434782609,8.1,97.4525,10145.6,171593.0,76.672,1.68,202.7,74.3,1630.31
2012-09-01,231.015,0.14,94.51368421052632,7.8,97.381,10226.1,172145.0,76.4846,1.72,204.4,78.3,1744.81
2012-10-01,231.638,0.16,89.4913043478261,7.8,97.7193,10292.4,171601.0,76.6227,1.75,203.5,82.6,1746.58
2012-11-01,231.249,0.16,86.53142857142858,7.7,98.0777,10361.9,172847.0,76.78,1.65,201.8,82.7,1721.64
2012-12-01,231.221,0.16,87.8595,7.9,98.3101,10484.1,173467.0,76.8435,1.72,201.5,72.9,1684.762
2013-01-01,231.679,0.14,94.75666666666667,8.0,98.3342,10508.1,174567.0,76.7502,1.91,202.5,73.8,1671.84782608696
2013-02-01,232.937,0.15,95.30894736842104,7.7,98.7941,10527.5,175635.0,77.0029,1.98,204.3,77.6,1627.57
2013-03-01,232.282,0.14,92.9385,7.5,99.1921,10583.8,174884.0,77.2135,1.96,204.0,78.6,1593.08619047619
2013-04-01,231.797,0.15,92.02136363636363,7.6,99.1065,10611.3,174390.0,77.0553,1.76,203.5,76.4,1487.85727272727
2013-05-01,231.893,0.11,94.50954545454546,7.5,99.1839,10646.1,175373.0,77.0307,1.93,204.1,84.5,1414.02695652174
2013-06-01,232.445,0.09,95.77250000000001,7.5,99.3897,10703.3,175491.0,77.1119,2.3,204.3,84.1,1343.35
2013-07-01,232.9,0.09,104.67090909090908,7.3,99.0814,10742.8,176156.0,76.8008,2.58,204.4,85.1,1285.51565217391
2013-08-01,233.456,0.08,106.57272727272726,7.2,99.6543,10801.2,175490.0,77.1772,2.74,204.2,82.1,1351.74181818182
2013-09-01,233.544,0.08,106.2895,7.2,100.161,10862.0,175575.0,77.5046,2.81,203.9,77.5,1348.6
2013-10-01,233.669,0.09,100.53826086956522,7.2,100.082,10986.3,176061.0,77.3802,2.62,202.5,73.2,1316.58
2013-11-01,234.1,0.08,93.864,6.9,100.3158,10995.6,176233.0,77.4988,2.72,201.2,75.1,1275.86
2013-12-01,234.719,0.09,97.6252380952381,6.7,100.5175,11060.1,176727.0,77.5927,2.9,202.0,82.5,1221.5119047619
2014-01-01,235.288,0.07,94.61714285714285,6.6,100.1599,11130.8,174918.0,77.254,2.86,203.8,81.2,1244.27
2014-02-01,235.547,0.07,100.81736842105263,6.7,100.9168,11196.8,176923.0,77.7747,2.71,205.7,81.6,1299.58
2014-03-01,236.028,0.08,100.80380952380953,6.7,101.8942,11232.6,178466.0,78.4628,2.72,207.0,80.0,1336.08
2014-04-01,236.468,0.09,102.06904761904761,6.2,101.9928,11277.7,179959.0,78.4705,2.71,208.3,84.1,1298.45
2014-05-01,236.918,0.09,102.17714285714285,6.3,102.3836,11342.8,179916.0,78.6999,2.56,208.0,81.9,1288.74
2014-06-01,237.231,0.1,105.7942857142857,6.1,102.735,11398.1,180122.0,78.8952,2.6,208.3,82.5,1279.1
2014-07-01,237.498,0.09,103.58863636363638,6.2,102.9632,11453.0,180245.0,78.9933,2.54,208.0,81.8,1310.59
2014-08-01,237.46,0.09,96.53619047619047,6.1,102.7688,11477.3,181664.0,78.7669,2.42,207.0,82.5,1295.13
2014-09-01,237.477,0.09,93.21190476190476,5.9,103.0641,11519.1,181150.0,78.9218,2.53,206.4,84.6,1236.55
2014-10-01,237.43,0.09,84.39695652173914,5.7,103.0764,11593.1,181908.0,78.8663,2.3,203.4,86.9,1222.49
2014-11-01,236.983,0.09,75.78947368421052,5.8,103.7126,11634.2,182761.0,79.2962,2.33,200.9,88.8,1175.33
2014-12-01,236.252,0.12,59.29045454545455,5.6,103.7044,11717.6,182056.0,79.2419,2.21,197.0,93.6,1200.62
2015-01-01,234.747,0.11,47.219,5.7,102.8905,11805.2,182413.0,78.5803,1.88,192.0,98.1,1250.75
2015-02-01,235.342,0.11,50.58421052631579,5.5,102.2335,11922.8,181489.0,78.055,1.98,191.1,95.4,1227.08
2015-03-01,235.976,0.11,47.82363636363636,5.4,101.8914,11920.5,183767.0,77.7804,2.04,191.5,93.0,1178.63
2015-04-01,236.222,0.12,54.45285714285714,5.4,101.3355,11954.6,183924.0,77.3487,1.94,190.9,95.9,1198.93
2015-05-01,237.001,0.12,59.265,5.6,100.8883,11982.6,184752.0,77.0092,2.2,193.4,90.7,1198.63
2015-06-01,237.657,0.13,59.819545454545455,5.3,100.571,12023.2,184279.0,76.7774,2.36,194.8,96.1,1181.5
2015-07-01,238.034,0.13,50.90090909090909,5.2,101.2228,12067.0,185663.0,77.2924,2.32,193.9,93.1,1128.31
2015-08-01,238.033,0.14,42.86761904761905,5.1,101.0367,12112.0,185625.0,77.1715,2.17,191.9,91.9,1117.93
2015-09-01,237.498,0.14,45.47952380952381,5.0,100.7547,12173.9,185209.0,76.9791,2.17,189.1,87.2,1124.77
2015-10-01,237.733,0.12,46.22363636363636,5.0,100.2675,12225.2,184532.0,76.6282,2.07,187.5,90.0,1159.25
2015-11-01,238.017,0.12,42.4435,5.1,99.5298,12317.0,184988.0,76.0819,2.26,185.7,91.3,1086.44
2015-12-01,237.761,0.24,37.18863636363636,5.0,99.0417,12387.9,185964.0,75.7214,2.24,183.5,92.6,1075.74
2016-01-01,237.652,0.34,31.683157894736844,4.8,99.5607,12518.5,184920.0,76.1248,2.09,182.6,92.0,1097.91
2016-02-01,237.336,0.38,30.323,4.9,99.0445,12603.9,186705.0,75.7291,1.78,181.3,91.7,1199.5
2016-03-01,238.08,0.36,37.54636363636364,5.0,98.3096,12661.8,185591.0,75.1587,1.89,182.1,91.0,1245.14
2016-04-01,238.992,0.37,40.7552380952381,5.1,98.6421,12743.2,185887.0,75.3969,1.81,183.2,89.0,1242.26
2016-05-01,239.557,0.37,46.712380952380954,4.8,98.4184,12802.0,185964.0,75.2034,1.81,185.3,94.7,1260.95
2016-06-01,240.222,0.38,48.75727272727273,4.9,98.8833,12852.5,187425.0,75.5298,1.64,187.6,93.5,1276.4
2016-07-01,240.101,0.39,44.6515,4.8,98.9992,12911.9,187333.0,75.5839,1.5,187.7,90.0,1336.66
2016-08-01,240.545,0.4,44.72434782608696,4.9,98.85,12989.7,187053.0,75.432,1.56,186.6,89.8,1340.17
2016-09-01,241.176,0.4,45.18238095238095,5.0,98.7457,13054.9,187853.0,75.3145,1.63,186.9,91.2,1326.61
2016-10-01,241.741,0.4,49.775238095238095,4.9,98.7611,13122.8,187741.0,75.2918,1.76,186.7,87.2,1266.55
2016-11-01,242.026,0.41,45.66095238095238,4.7,98.3491,13208.7,187539.0,74.9498,2.14,186.3,93.8,1238.35
2016-12-01,242.637,0.54,51.9704761904762,4.7,99.0214,13234.9,189297.0,75.4424,2.49,188.2,98.2,1157.36
2017-01-01,243.618,0.65,52.504,4.7,98.7611,13315.7,190631.0,75.2339,2.43,190.7,98.5,1192.1
2017-02-01,244.006,0.66,53.46842105263158,4.6,98.3646,13394.8,190276.0,74.9346,2.42,191.6,96.3,1234.2
2017-03-01,243.892,0.79,49.32782608695652,4.4,99.0137,13463.6,190114.0,75.4439,2.48,191.5,96.9,1231.42
2017-04-01,244.193,0.9,51.060526315789474,4.4,100.0224,13521.7,190536.0,76.2392,2.3,193.0,97.0,1266.88
2017-05-01,244.004,0.91,48.47636363636364,4.4,100.1408,13568.9,189650.0,76.368,2.3,192.8,97.1,1246.04
2017-06-01,244.163,1.04,45.177727272727275,4.3,100.3471,13580.5,190500.0,76.5758,2.19,193.6,95.0,1260.26
2017-07-01,244.243,1.15,46.630526315789474,4.3,100.1068,13643.1,190421.0,76.4534,2.32,193.5,93.4,1236.84
2017-08-01,245.183,1.16,48.03695652173913,4.4,99.6925,13697.7,190070.0,76.2067,2.21,193.8,96.8,1283.04
2017-09-01,246.435,1.15,49.822,4.3,99.7954,13745.1,193042.0,76.3591,2.2,194.8,95.1,1314.07
2017-10-01,246.626,1.15,51.57772727272727,4.2,101.0247,13800.1,193048.0,77.3753,2.36,194.9,100.7,1279.51
2017-11-01,247.284,1.16,56.63857142857143,4.2,101.2664,13843.5,194493.0,77.6337,2.35,195.9,98.5,1281.9
2017-12-01,247.805,1.3,57.8815,4.1,101.4644,13881.7,195148.0,77.8538,2.4,196.3,95.9,1264.45
2018-01-01,248.859,1.41,63.698571428571434,4.0,101.4625,13900.3,193448.0,77.9138,2.58,197.9,95.7,1331.3
2018-02-01,249.529,1.42,62.22947368421052,4.1,101.7085,13949.3,193978.0,78.1508,2.86,199.3,99.7,1330.73
2018-03-01,249.577,1.51,62.724761904761905,4.0,102.2067,14012.7,193972.0,78.5697,2.84,199.3,101.4,1324.66
2018-04-01,250.227,1.69,66.25380952380952,4.0,103.3329,14035.9,193486.0,79.4597,2.87,200.3,98.8,1334.76
2018-05-01,250.792,1.7,69.97818181818182,3.8,102.4024,14092.4,196163.0,78.7526,2.98,203.2,98.0,1303.45
2018-06-01,251.018,1.82,67.87333333333333,4.0,103.198,14137.2,195296.0,79.356,2.91,204.2,98.2,1281.57
2018-07-01,251.214,1.91,70.98142857142857,3.8,103.3646,14174.6,196304.0,79.4588,2.89,204.3,97.9,1237.71
2018-08-01,251.663,1.91,68.05565217391305,3.8,104.0327,14223.2,196074.0,79.9322,2.89,203.4,96.2,1201.71
2018-09-01,252.182,1.95,70.2321052631579,3.7,104.1004,14245.5,194902.0,79.9314,3.0,203.6,100.1,1198.39
2018-10-01,252.772,2.19,70.74869565217391,3.8,103.9856,14256.6,196389.0,79.7802,3.15,204.6,98.6,1215.39
2018-11-01,252.594,2.2,56.963499999999996,3.8,104.0681,14282.8,197492.0,79.7722,3.12,202.3,97.5,1220.65
2018-12-01,252.767,2.27,49.522777777777776,3.9,104.0936,14386.8,193504.0,79.7142,2.83,201.0,98.3,1250.4
2019-01-01,252.561,2.4,51.37571428571429,4.0,103.4021,14459.7,194187.0,79.1024,2.71,199.1,91.2,1291.75
2019-02-01,253.319,2.4,54.95473684210527,3.8,102.8371,14506.3,194123.0,78.5877,2.68,199.2,93.8,1320.07
2019-03-01,254.277,2.41,58.151428571428575,3.8,102.8757,14557.5,196358.0,78.5337,2.57,200.8,98.4,1300.9
2019-04-01,255.233,2.42,63.862380952380946,3.7,102.274,14594.7,195642.0,77.9898,2.53,202.1,97.2,1285.91
2019-05-01,255.296,2.39,60.82681818181818,3.6,102.392,14704.4,197708.0,77.9962,2.4,201.7,100.0,1283.7
2019-06-01,255.213,2.38,54.657500000000006,3.6,102.4375,14802.8,197972.0,77.9493,2.07,200.3,98.2,1359.04
2019-07-01,255.802,2.4,57.35809523809524,3.7,101.9408,14886.8,199018.0,77.4935,2.06,200.7,98.4,1412.89
2019-08-01,256.036,2.13,54.80590909090909,3.6,102.639,14974.4,200191.0,77.9497,1.63,199.2,89.8,1500.41
2019-09-01,256.43,2.04,56.947,3.5,102.2917,15047.0,198605.0,77.6205,1.7,198.4,93.2,1510.58
2019-10-01,257.155,1.83,53.96304347826087,3.6,101.4281,15184.1,198576.0,76.9099,1.71,198.6,95.5,1494.81
2019-11-01,257.879,1.55,57.048947368421054,3.6,101.9372,15296.0,199402.0,77.252,1.81,199.0,96.8,1470.79
2019-12-01,258.63,1.55,59.81666666666667,3.6,101.7003,15347.5,199461.0,77.0416,1.86,199.0,99.3,1479.13
2020-01-01,259.127,1.55,57.519047619047626,3.6,101.0338,15427.1,198790.0,76.519,1.76,199.3,99.8,1560.67
2020-02-01,259.25,1.58,50.54263157894737,3.5,101.3735,15493.4,198777.0,76.7764,1.5,196.7,101.0,1597.1
2020-03-01,258.076,0.65,29.207727272727276,4.4,97.4078,16033.0,181467.0,73.7887,0.87,193.1,89.1,1591.93
2020-04-01,256.032,0.05,16.547619047619047,14.8,84.5619,17065.3,156632.0,64.0847,0.66,185.5,71.8,1683.17
2020-05-01,255.802,0.05,28.5625,13.2,85.9604,17932.9,187039.0,65.1874,0.67,188.6,72.3,1715.91
2020-06-01,257.042,0.08,38.307272727272725,11.0,91.5934,18184.3,201538.0,69.5218,0.73,191.2,78.1,1732.22
2020-07-01,258.352,0.09,40.710454545454546,10.2,95.0256,18335.4,203716.0,72.2103,0.62,193.0,72.5,1846.51
2020-08-01,259.316,0.1,42.33904761904762,8.4,95.9549,18411.2,204667.0,73.0192,0.65,194.3,74.1,1968.63
2020-09-01,259.997,0.09,39.63428571428571,7.8,95.9669,18602.5,208195.0,73.1451,0.68,195.5,80.4,1921.92
2020-10-01,260.319,0.09,39.39590909090909,6.9,96.7394,18757.6,207097.0,73.8636,0.79,196.5,81.8,1900.27
2020-11-01,260.911,0.09,40.93736842105263,6.7,97.0816,18997.0,204645.0,74.2637,0.87,198.3,76.9,1866.3
2020-12-01,262.045,0.09,47.025,6.7,98.363,19115.7,205517.0,75.3903,0.93,200.5,80.7,1858.42
2021-01-01,262.687,0.09,52.008421052631576,6.4,98.8822,19379.0,212888.0,75.9401,1.08,204.8,79.0,1866.98
2021-02-01,263.579,0.08,59.04631578947369,6.2,95.6149,19641.8,206728.0,73.5725,1.26,210.6,76.8,1808.17
2021-03-01,264.961,0.07,62.333043478260876,6.1,98.3856,19873.2,227800.0,75.8472,1.61,215.0,84.9,1718.23
2021-04-01,266.614,0.07,61.71666666666666,6.1,98.5587,20176.9,228405.0,76.1216,1.64,217.9,88.3,1760.04
2021-05-01,268.383,0.06,65.1695,5.8,99.4333,20460.4,225529.0,76.931,1.62,224.9,82.9,1850.26
2021-06-01,270.654,0.08,71.37818181818182,5.9,99.7987,20477.8,226100.0,77.3367,1.52,228.9,85.5,1834.57
2021-07-01,271.903,0.1,72.4852380952381,5.4,100.2519,20633.3,221335.0,77.7972,1.32,231.85,81.2,1807.84
2021-08-01,272.676,0.09,67.73045454545455,5.1,100.0437,20840.9,222071.0,77.7308,1.28,233.415,70.3,1785.28
2021-09-01,273.91,0.08,71.64619047619047,4.7,98.8579,20981.0,222581.0,76.8871,1.37,235.678,72.8,1775.14
2021-10-01,276.55,0.08,81.47666666666666,4.5,100.1861,21160.6,223675.0,77.9838,1.58,240.465,71.7,1776.85
2021-11-01,278.919,0.08,79.14750000000001,4.1,100.8654,21335.5,224034.0,78.562,1.56,243.287,67.4,1821.76
2021-12-01,280.845,0.08,71.71181818181819,3.9,100.5726,21498.5,220740.0,78.3687,1.47,241.338,70.6,1790.43
2022-01-01,282.543,0.08,83.22200000000001,4.0,100.1856,21650.1,223509.0,78.088,1.76,246.453,67.2,1816.02
2022-02-01,284.5,0.08,91.64105263157894,3.9,100.8064,21725.2,224289.0,78.5777,1.93,252.66,62.8,1856.3
2022-03-01,287.674,0.2,108.50260869565217,3.7,101.3907,21787.2,226307.0,79.0253,2.13,260.014,59.4,1947.83
2022-04-01,288.561,0.33,101.7775,3.7,101.44,21769.4,228788.0,79.0418,2.75,265.31,65.2,1936.86
2022-05-01,291.298,0.77,109.55238095238094,3.6,101.3335,21719.9,226520.0,78.9224,2.9,273.251,58.4,1848.5
2022-06-01,294.957,1.21,114.83714285714285,3.6,101.018,21651.5,225834.0,78.6259,3.14,280.251,50.0,1836.57
2022-07-01,294.913,1.68,101.619,3.5,101.223,21652.9,223642.0,78.7204,2.9,272.274,51.5,1732.74
2022-08-01,295.097,2.33,93.66521739130435,3.6,101.0963,21638.4,224864.0,78.5438,2.9,269.546,58.2,1764.56
2022-09-01,296.349,2.56,84.25809523809524,3.5,101.2918,21536.7,223336.0,78.6087,3.52,267.898,58.6,1680.78
2022-10-01,298.007,3.08,87.5547619047619,3.6,101.2529,21461.7,224381.0,78.4843,3.98,265.061,59.9,1664.45
2022-11-01,298.786,3.78,84.37047619047618,3.6,100.9552,21406.7,220712.0,78.1544,3.89,263.157,56.7,1725.07
2022-12-01,298.832,4.1,76.43714285714286,3.5,99.7664,21290.9,218103.0,77.1334,3.62,257.897,59.8,1797.55
2023-01-01,300.42,4.33,78.123,3.5,100.505,21279.9,226434.0,77.601,3.53,260.227,64.9,1897.71
2023-02-01,301.45,4.57,76.83263157894737,3.6,100.6416,21243.7,222973.0,77.6078,3.75,258.669,66.9,1854.54
2023-03-01,301.821,4.65,73.27782608695652,3.5,101.0205,20947.4,220353.0,77.8036,3.66,257.062,62.0,1912.73
2023-04-01,302.845,4.83,79.44631578947369,3.4,101.253,20761.4,221398.0,77.888,3.46,256.908,63.7,1999.77
2023-05-01,303.334,5.06,71.57818181818182,3.6,100.9286,20829.6,222165.0,77.5496,3.57,253.67,59.0,1992.13
2023-06-01,304.014,5.08,70.24809523809525,3.6,100.1196,20799.4,222726.0,76.8467,3.75,253.86,64.2,1942.9
2023-07-01,304.609,5.12,76.0695,3.5,100.9067,20791.4,222720.0,77.3773,3.9,253.835,71.5,1951.02
2023-08-01,306.082,5.33,81.38608695652174,3.7,100.8393,20777.5,223716.0,77.2588,4.17,257.68,69.4,1918.7
2023-09-01,307.276,5.33,89.425,3.7,101.0211,20747.8,224360.0,77.3375,4.38,258.934,67.8,1915.95
2023-10-01,307.696,5.33,85.63952380952381,3.9,100.4689,20732.9,222995.0,76.859,4.8,255.192,63.8,1916.25
2023-11-01,308.148,5.33,77.685,3.7,100.8639,20746.4,222402.0,77.1081,4.5,252.856,61.3,1984.11
2023-12-01,308.741,5.33,71.9,3.8,100.6031,20777.8,222282.0,76.858,4.02,249.866,69.7,2026.18
2024-01-01,309.698,5.33,74.15238095238095,3.7,99.2223,20843.7,219716.0,75.7542,4.06,251.306,79.0,2034.04
2024-02-01,310.967,5.33,77.249,3.9,100.285,20926.9,220371.0,76.5157,4.21,254.926,76.9,2023.24
2024-03-01,312.345,5.33,81.27799999999999,3.9,100.4575,20973.2,220154.0,76.5964,4.21,255.095,79.4,2158.01
2024-04-01,313.023,5.33,85.34727272727274,3.9,100.2434,20958.8,219665.0,76.3803,4.54,256.978,77.2,2331.45
2024-05-01,313.175,5.33,80.02454545454545,3.9,100.863,21019.9,221210.0,76.7961,4.48,255.313,69.1,2351.13
2024-06-01,313.044,5.33,79.76736842105262,4.1,100.894,21067.7,221199.0,76.7586,4.31,255.914,68.2,2326.44
2024-07-01,313.569,5.33,81.80045454545454,4.2,99.9757,21094.4,222865.0,75.9946,4.25,257.321,66.4,2398.2
2024-08-01,314.062,5.33,76.68318181818182,4.2,100.4309,21185.8,221943.0,76.2697,3.87,255.463,67.9,2470.15
2024-09-01,314.732,5.13,70.236,4.1,99.8084,21268.6,223382.0,75.7216,3.72,252.682,70.1,2570.55
2024-10-01,315.631,4.83,71.985,4.1,99.4695,21331.0,224404.0,75.3852,4.1,253.081,70.5,2690.08
2024-11-01,316.528,4.64,69.95,4.2,99.2925,21451.6,224894.0,75.1681,4.36,253.211,71.8,2651.13
2024-12-01,317.604,4.48,70.11809523809524,4.1,100.3273,21485.3,225836.0,75.8651,4.39,253.423,74.0,2648.01
2025-01-01,318.961,4.33,75.74249999999999,4.0,100.0647,21547.6,222993.0,75.5781,4.63,257.36,71.7,2709.69
2025-02-01,319.679,4.33,71.53315789473685,4.2,101.0993,21613.2,222699.0,76.2685,4.45,259.498,64.7,2894.73
2025-03-01,319.785,4.33,68.23904761904762,4.2,101.0404,21693.5,225956.0,76.1318,4.28,258.525,57.0,2983.25
2025-04-01,320.302,4.33,63.53666666666667,4.2,101.1279,21775.5,225346.0,76.1048,4.28,258.392,52.2,3217.64
2025-05-01,320.62,4.33,62.16761904761905,4.3,100.9655,21833.8,223349.0,75.8894,4.42,258.678,52.2,3309.49
2025-06-01,321.435,4.33,68.16900000000001,4.1,101.4785,21938.7,224939.0,76.181,4.38,260.491,60.7,3352.66
2025-07-01,322.169,4.33,68.39090909090909,4.3,101.894,22019.9,225884.0,76.3997,4.39,262.358,61.7,3340.15
2025-08-01,323.291,4.33,64.86428571428571,4.3,101.6247,22086.8,226329.0,76.1055,4.26,262.11,58.2,3368.03
2025-09-01,324.245,4.22,63.959047619047624,4.4,101.668,22169.8,225814.0,76.0461,4.12,262.054,55.1,3667.68
2025-10-01,324.245,4.09,60.89454545454546,4.4,101.2195,22250.4,225814.0,75.6194,4.06,260.591,53.6,4058.33
2025-11-01,325.063,3.88,60.06222222222222,4.5,101.081,22296.5,226023.0,75.4249,4.09,261.914,51.0,4087.19
2025-12-01,326.031,3.72,57.972272727272724,4.4,101.6113,22386.9,225352.0,75.7296,4.14,261.349,52.9,4309.23
