realtime_start,realtime_end,date,value
2026-04-16,2026-04-16,1967-01-01,89.3902
2026-04-16,2026-04-16,1967-02-01,87.9750
2026-04-16,2026-04-16,1967-03-01,87.0835
2026-04-16,2026-04-16,1967-04-01,87.5089
2026-04-16,2026-04-16,1967-05-01,86.3566
2026-04-16,2026-04-16,1967-06-01,85.9603
2026-04-16,2026-04-16,1967-07-01,85.3833
2026-04-16,2026-04-16,1967-08-01,86.6339
2026-04-16,2026-04-16,1967-09-01,86.1122
2026-04-16,2026-04-16,1967-10-01,86.4325
2026-04-16,2026-04-16,1967-11-01,87.2856
2026-04-16,2026-04-16,1967-12-01,87.8417
2026-04-16,2026-04-16,1968-01-01,87.3856
2026-04-16,2026-04-16,1968-02-01,87.352
2026-04-16,2026-04-16,1968-03-01,87.2794
2026-04-16,2026-04-16,1968-04-01,87.0627
2026-04-16,2026-04-16,1968-05-01,87.6951
2026-04-16,2026-04-16,1968-06-01,87.6744
2026-04-16,2026-04-16,1968-07-01,87.2002
2026-04-16,2026-04-16,1968-08-01,87.1055
2026-04-16,2026-04-16,1968-09-01,87.0988
2026-04-16,2026-04-16,1968-10-01,86.9369
2026-04-16,2026-04-16,1968-11-01,87.7249
2026-04-16,2026-04-16,1968-12-01,87.6668
2026-04-16,2026-04-16,1969-01-01,87.8712
2026-04-16,2026-04-16,1969-02-01,88.1166
2026-04-16,2026-04-16,1969-03-01,88.4902
2026-04-16,2026-04-16,1969-04-01,87.8507
2026-04-16,2026-04-16,1969-05-01,87.2081
2026-04-16,2026-04-16,1969-06-01,87.7487
2026-04-16,2026-04-16,1969-07-01,87.9011
2026-04-16,2026-04-16,1969-08-01,87.7936
2026-04-16,2026-04-16,1969-09-01,87.4667
2026-04-16,2026-04-16,1969-10-01,87.1872
2026-04-16,2026-04-16,1969-11-01,86.0651
2026-04-16,2026-04-16,1969-12-01,85.5368
2026-04-16,2026-04-16,1970-01-01,83.6765
2026-04-16,2026-04-16,1970-02-01,83.3607
2026-04-16,2026-04-16,1970-03-01,82.9935
2026-04-16,2026-04-16,1970-04-01,82.5235
2026-04-16,2026-04-16,1970-05-01,82.1724
2026-04-16,2026-04-16,1970-06-01,81.6542
2026-04-16,2026-04-16,1970-07-01,81.6031
2026-04-16,2026-04-16,1970-08-01,81.208
2026-04-16,2026-04-16,1970-09-01,80.4019
2026-04-16,2026-04-16,1970-10-01,78.5535
2026-04-16,2026-04-16,1970-11-01,77.8407
2026-04-16,2026-04-16,1970-12-01,79.3872
2026-04-16,2026-04-16,1971-01-01,79.7753
2026-04-16,2026-04-16,1971-02-01,79.4216
2026-04-16,2026-04-16,1971-03-01,79.1348
2026-04-16,2026-04-16,1971-04-01,79.3783
2026-04-16,2026-04-16,1971-05-01,79.5802
2026-04-16,2026-04-16,1971-06-01,79.7132
2026-04-16,2026-04-16,1971-07-01,79.2827
2026-04-16,2026-04-16,1971-08-01,78.6255
2026-04-16,2026-04-16,1971-09-01,79.7041
2026-04-16,2026-04-16,1971-10-01,80.1009
2026-04-16,2026-04-16,1971-11-01,80.2412
2026-04-16,2026-04-16,1971-12-01,80.9666
2026-04-16,2026-04-16,1972-01-01,82.6938
2026-04-16,2026-04-16,1972-02-01,83.3296
2026-04-16,2026-04-16,1972-03-01,83.7028
2026-04-16,2026-04-16,1972-04-01,84.3315
2026-04-16,2026-04-16,1972-05-01,84.1324
2026-04-16,2026-04-16,1972-06-01,84.14
2026-04-16,2026-04-16,1972-07-01,83.8269
2026-04-16,2026-04-16,1972-08-01,84.7662
2026-04-16,2026-04-16,1972-09-01,85.2041
2026-04-16,2026-04-16,1972-10-01,86.0358
2026-04-16,2026-04-16,1972-11-01,86.7902
2026-04-16,2026-04-16,1972-12-01,87.4839
2026-04-16,2026-04-16,1973-01-01,87.8373
2026-04-16,2026-04-16,1973-02-01,88.8026
2026-04-16,2026-04-16,1973-03-01,88.5495
2026-04-16,2026-04-16,1973-04-01,88.12
2026-04-16,2026-04-16,1973-05-01,88.4157
2026-04-16,2026-04-16,1973-06-01,88.2262
2026-04-16,2026-04-16,1973-07-01,88.2329
2026-04-16,2026-04-16,1973-08-01,87.8096
2026-04-16,2026-04-16,1973-09-01,88.2111
2026-04-16,2026-04-16,1973-10-01,88.6604
2026-04-16,2026-04-16,1973-11-01,88.7722
2026-04-16,2026-04-16,1973-12-01,88.2372
2026-04-16,2026-04-16,1974-01-01,87.3838
2026-04-16,2026-04-16,1974-02-01,86.8467
2026-04-16,2026-04-16,1974-03-01,86.6003
2026-04-16,2026-04-16,1974-04-01,86.1121
2026-04-16,2026-04-16,1974-05-01,86.5677
2026-04-16,2026-04-16,1974-06-01,86.199
2026-04-16,2026-04-16,1974-07-01,86.1814
2026-04-16,2026-04-16,1974-08-01,85.0763
2026-04-16,2026-04-16,1974-09-01,84.8954
2026-04-16,2026-04-16,1974-10-01,84.4923
2026-04-16,2026-04-16,1974-11-01,81.5562
2026-04-16,2026-04-16,1974-12-01,78.472
2026-04-16,2026-04-16,1975-01-01,77.2469
2026-04-16,2026-04-16,1975-02-01,75.3499
2026-04-16,2026-04-16,1975-03-01,74.3882
2026-04-16,2026-04-16,1975-04-01,74.4459
2026-04-16,2026-04-16,1975-05-01,74.0862
2026-04-16,2026-04-16,1975-06-01,74.4361
2026-04-16,2026-04-16,1975-07-01,75.0977
2026-04-16,2026-04-16,1975-08-01,75.713
2026-04-16,2026-04-16,1975-09-01,76.5611
2026-04-16,2026-04-16,1975-10-01,76.763
2026-04-16,2026-04-16,1975-11-01,76.726
2026-04-16,2026-04-16,1975-12-01,77.6271
2026-04-16,2026-04-16,1976-01-01,78.498
2026-04-16,2026-04-16,1976-02-01,79.1054
2026-04-16,2026-04-16,1976-03-01,79.1091
2026-04-16,2026-04-16,1976-04-01,79.3299
2026-04-16,2026-04-16,1976-05-01,79.4908
2026-04-16,2026-04-16,1976-06-01,79.3919
2026-04-16,2026-04-16,1976-07-01,79.6612
2026-04-16,2026-04-16,1976-08-01,80.0235
2026-04-16,2026-04-16,1976-09-01,80.1127
2026-04-16,2026-04-16,1976-10-01,79.8993
2026-04-16,2026-04-16,1976-11-01,80.9231
2026-04-16,2026-04-16,1976-12-01,81.6007
2026-04-16,2026-04-16,1977-01-01,80.8351
2026-04-16,2026-04-16,1977-02-01,81.9059
2026-04-16,2026-04-16,1977-03-01,82.7413
2026-04-16,2026-04-16,1977-04-01,83.3222
2026-04-16,2026-04-16,1977-05-01,83.7597
2026-04-16,2026-04-16,1977-06-01,84.1859
2026-04-16,2026-04-16,1977-07-01,84.0665
2026-04-16,2026-04-16,1977-08-01,83.9208
2026-04-16,2026-04-16,1977-09-01,84.0352
2026-04-16,2026-04-16,1977-10-01,83.9207
2026-04-16,2026-04-16,1977-11-01,83.8404
2026-04-16,2026-04-16,1977-12-01,83.7565
2026-04-16,2026-04-16,1978-01-01,82.2955
2026-04-16,2026-04-16,1978-02-01,82.5071
2026-04-16,2026-04-16,1978-03-01,83.8568
2026-04-16,2026-04-16,1978-04-01,85.3237
2026-04-16,2026-04-16,1978-05-01,85.4885
2026-04-16,2026-04-16,1978-06-01,85.8087
2026-04-16,2026-04-16,1978-07-01,85.506
2026-04-16,2026-04-16,1978-08-01,85.6255
2026-04-16,2026-04-16,1978-09-01,85.6112
2026-04-16,2026-04-16,1978-10-01,86.0203
2026-04-16,2026-04-16,1978-11-01,86.4507
2026-04-16,2026-04-16,1978-12-01,86.6488
2026-04-16,2026-04-16,1979-01-01,85.95
2026-04-16,2026-04-16,1979-02-01,86.1333
2026-04-16,2026-04-16,1979-03-01,86.1874
2026-04-16,2026-04-16,1979-04-01,84.9317
2026-04-16,2026-04-16,1979-05-01,85.4833
2026-04-16,2026-04-16,1979-06-01,85.2867
2026-04-16,2026-04-16,1979-07-01,84.9377
2026-04-16,2026-04-16,1979-08-01,84.182
2026-04-16,2026-04-16,1979-09-01,83.9792
2026-04-16,2026-04-16,1979-10-01,84.4068
2026-04-16,2026-04-16,1979-11-01,84.1017
2026-04-16,2026-04-16,1979-12-01,83.991
2026-04-16,2026-04-16,1980-01-01,84.2841
2026-04-16,2026-04-16,1980-02-01,84.1494
2026-04-16,2026-04-16,1980-03-01,83.6537
2026-04-16,2026-04-16,1980-04-01,81.8445
2026-04-16,2026-04-16,1980-05-01,79.6867
2026-04-16,2026-04-16,1980-06-01,78.5118
2026-04-16,2026-04-16,1980-07-01,77.8129
2026-04-16,2026-04-16,1980-08-01,77.9059
2026-04-16,2026-04-16,1980-09-01,79.0322
2026-04-16,2026-04-16,1980-10-01,79.8693
2026-04-16,2026-04-16,1980-11-01,81.0289
2026-04-16,2026-04-16,1980-12-01,81.3842
2026-04-16,2026-04-16,1981-01-01,80.6748
2026-04-16,2026-04-16,1981-02-01,80.1373
2026-04-16,2026-04-16,1981-03-01,80.3463
2026-04-16,2026-04-16,1981-04-01,79.7937
2026-04-16,2026-04-16,1981-05-01,80.0484
2026-04-16,2026-04-16,1981-06-01,80.2511
2026-04-16,2026-04-16,1981-07-01,80.5724
2026-04-16,2026-04-16,1981-08-01,80.271
2026-04-16,2026-04-16,1981-09-01,79.688
2026-04-16,2026-04-16,1981-10-01,78.8694
2026-04-16,2026-04-16,1981-11-01,77.7706
2026-04-16,2026-04-16,1981-12-01,76.7706
2026-04-16,2026-04-16,1982-01-01,75.0243
2026-04-16,2026-04-16,1982-02-01,76.3932
2026-04-16,2026-04-16,1982-03-01,75.7372
2026-04-16,2026-04-16,1982-04-01,74.9018
2026-04-16,2026-04-16,1982-05-01,74.2775
2026-04-16,2026-04-16,1982-06-01,73.9684
2026-04-16,2026-04-16,1982-07-01,73.6215
2026-04-16,2026-04-16,1982-08-01,72.8586
2026-04-16,2026-04-16,1982-09-01,72.5997
2026-04-16,2026-04-16,1982-10-01,71.8294
2026-04-16,2026-04-16,1982-11-01,71.5396
2026-04-16,2026-04-16,1982-12-01,70.9871
2026-04-16,2026-04-16,1983-01-01,72.2714
2026-04-16,2026-04-16,1983-02-01,71.7863
2026-04-16,2026-04-16,1983-03-01,72.366
2026-04-16,2026-04-16,1983-04-01,73.2597
2026-04-16,2026-04-16,1983-05-01,73.6804
2026-04-16,2026-04-16,1983-06-01,74.1097
2026-04-16,2026-04-16,1983-07-01,75.188
2026-04-16,2026-04-16,1983-08-01,76.0452
2026-04-16,2026-04-16,1983-09-01,77.1102
2026-04-16,2026-04-16,1983-10-01,77.6485
2026-04-16,2026-04-16,1983-11-01,77.9317
2026-04-16,2026-04-16,1983-12-01,78.248
2026-04-16,2026-04-16,1984-01-01,79.7207
2026-04-16,2026-04-16,1984-02-01,79.9686
2026-04-16,2026-04-16,1984-03-01,80.2444
2026-04-16,2026-04-16,1984-04-01,80.5902
2026-04-16,2026-04-16,1984-05-01,80.8857
2026-04-16,2026-04-16,1984-06-01,81.0276
2026-04-16,2026-04-16,1984-07-01,81.0869
2026-04-16,2026-04-16,1984-08-01,80.9969
2026-04-16,2026-04-16,1984-09-01,80.5761
2026-04-16,2026-04-16,1984-10-01,80.3793
2026-04-16,2026-04-16,1984-11-01,80.4551
2026-04-16,2026-04-16,1984-12-01,80.2819
2026-04-16,2026-04-16,1985-01-01,80.0654
2026-04-16,2026-04-16,1985-02-01,80.0794
2026-04-16,2026-04-16,1985-03-01,79.9936
2026-04-16,2026-04-16,1985-04-01,79.6154
2026-04-16,2026-04-16,1985-05-01,79.53
2026-04-16,2026-04-16,1985-06-01,79.295
2026-04-16,2026-04-16,1985-07-01,78.7325
2026-04-16,2026-04-16,1985-08-01,78.7932
2026-04-16,2026-04-16,1985-09-01,78.8917
2026-04-16,2026-04-16,1985-10-01,78.4909
2026-04-16,2026-04-16,1985-11-01,78.624
2026-04-16,2026-04-16,1985-12-01,79.2506
2026-04-16,2026-04-16,1986-01-01,79.5708
2026-04-16,2026-04-16,1986-02-01,78.9079
2026-04-16,2026-04-16,1986-03-01,78.2531
2026-04-16,2026-04-16,1986-04-01,78.2809
2026-04-16,2026-04-16,1986-05-01,78.3175
2026-04-16,2026-04-16,1986-06-01,77.9257
2026-04-16,2026-04-16,1986-07-01,78.3589
2026-04-16,2026-04-16,1986-08-01,78.1348
2026-04-16,2026-04-16,1986-09-01,78.2497
2026-04-16,2026-04-16,1986-10-01,78.4896
2026-04-16,2026-04-16,1986-11-01,78.7
2026-04-16,2026-04-16,1986-12-01,79.3312
2026-04-16,2026-04-16,1987-01-01,78.9302
2026-04-16,2026-04-16,1987-02-01,79.832
2026-04-16,2026-04-16,1987-03-01,79.799
2026-04-16,2026-04-16,1987-04-01,80.1481
2026-04-16,2026-04-16,1987-05-01,80.4929
2026-04-16,2026-04-16,1987-06-01,80.7451
2026-04-16,2026-04-16,1987-07-01,81.1334
2026-04-16,2026-04-16,1987-08-01,81.5864
2026-04-16,2026-04-16,1987-09-01,81.762
2026-04-16,2026-04-16,1987-10-01,82.7171
2026-04-16,2026-04-16,1987-11-01,83.0015
2026-04-16,2026-04-16,1987-12-01,83.3639
2026-04-16,2026-04-16,1988-01-01,83.2612
2026-04-16,2026-04-16,1988-02-01,83.6092
2026-04-16,2026-04-16,1988-03-01,83.7608
2026-04-16,2026-04-16,1988-04-01,84.2045
2026-04-16,2026-04-16,1988-05-01,84.0006
2026-04-16,2026-04-16,1988-06-01,84.2142
2026-04-16,2026-04-16,1988-07-01,84.1973
2026-04-16,2026-04-16,1988-08-01,84.5859
2026-04-16,2026-04-16,1988-09-01,84.2804
2026-04-16,2026-04-16,1988-10-01,84.5914
2026-04-16,2026-04-16,1988-11-01,84.7301
2026-04-16,2026-04-16,1988-12-01,85.0338
2026-04-16,2026-04-16,1989-01-01,85.1891
2026-04-16,2026-04-16,1989-02-01,84.7014
2026-04-16,2026-04-16,1989-03-01,84.786
2026-04-16,2026-04-16,1989-04-01,84.6312
2026-04-16,2026-04-16,1989-05-01,83.9944
2026-04-16,2026-04-16,1989-06-01,83.819
2026-04-16,2026-04-16,1989-07-01,82.8332
2026-04-16,2026-04-16,1989-08-01,83.4581
2026-04-16,2026-04-16,1989-09-01,83.0045
2026-04-16,2026-04-16,1989-10-01,82.6969
2026-04-16,2026-04-16,1989-11-01,82.7778
2026-04-16,2026-04-16,1989-12-01,83.0331
2026-04-16,2026-04-16,1990-01-01,82.4179
2026-04-16,2026-04-16,1990-02-01,82.9732
2026-04-16,2026-04-16,1990-03-01,83.1981
2026-04-16,2026-04-16,1990-04-01,82.8001
2026-04-16,2026-04-16,1990-05-01,82.8798
2026-04-16,2026-04-16,1990-06-01,82.9978
2026-04-16,2026-04-16,1990-07-01,82.7018
2026-04-16,2026-04-16,1990-08-01,82.8509
2026-04-16,2026-04-16,1990-09-01,82.7293
2026-04-16,2026-04-16,1990-10-01,82.1303
2026-04-16,2026-04-16,1990-11-01,80.9828
2026-04-16,2026-04-16,1990-12-01,80.2964
2026-04-16,2026-04-16,1991-01-01,79.9522
2026-04-16,2026-04-16,1991-02-01,79.2872
2026-04-16,2026-04-16,1991-03-01,78.7629
2026-04-16,2026-04-16,1991-04-01,78.9062
2026-04-16,2026-04-16,1991-05-01,79.5846
2026-04-16,2026-04-16,1991-06-01,80.1624
2026-04-16,2026-04-16,1991-07-01,80.3158
2026-04-16,2026-04-16,1991-08-01,80.2365
2026-04-16,2026-04-16,1991-09-01,80.7851
2026-04-16,2026-04-16,1991-10-01,80.6424
2026-04-16,2026-04-16,1991-11-01,80.4053
2026-04-16,2026-04-16,1991-12-01,79.8949
2026-04-16,2026-04-16,1992-01-01,79.3278
2026-04-16,2026-04-16,1992-02-01,79.7329
2026-04-16,2026-04-16,1992-03-01,80.2464
2026-04-16,2026-04-16,1992-04-01,80.6802
2026-04-16,2026-04-16,1992-05-01,80.764
2026-04-16,2026-04-16,1992-06-01,80.6204
2026-04-16,2026-04-16,1992-07-01,81.1771
2026-04-16,2026-04-16,1992-08-01,80.5433
2026-04-16,2026-04-16,1992-09-01,80.6355
2026-04-16,2026-04-16,1992-10-01,81.0138
2026-04-16,2026-04-16,1992-11-01,81.1636
2026-04-16,2026-04-16,1992-12-01,81.1549
2026-04-16,2026-04-16,1993-01-01,81.3264
2026-04-16,2026-04-16,1993-02-01,81.5884
2026-04-16,2026-04-16,1993-03-01,81.3955
2026-04-16,2026-04-16,1993-04-01,81.5045
2026-04-16,2026-04-16,1993-05-01,81.0851
2026-04-16,2026-04-16,1993-06-01,81.1568
2026-04-16,2026-04-16,1993-07-01,81.262
2026-04-16,2026-04-16,1993-08-01,81.0442
2026-04-16,2026-04-16,1993-09-01,81.3448
2026-04-16,2026-04-16,1993-10-01,81.7992
2026-04-16,2026-04-16,1993-11-01,82.0178
2026-04-16,2026-04-16,1993-12-01,82.3349
2026-04-16,2026-04-16,1994-01-01,82.3903
2026-04-16,2026-04-16,1994-02-01,82.2437
2026-04-16,2026-04-16,1994-03-01,82.871
2026-04-16,2026-04-16,1994-04-01,83.1358
2026-04-16,2026-04-16,1994-05-01,83.2793
2026-04-16,2026-04-16,1994-06-01,83.5893
2026-04-16,2026-04-16,1994-07-01,83.4406
2026-04-16,2026-04-16,1994-08-01,83.7334
2026-04-16,2026-04-16,1994-09-01,83.7254
2026-04-16,2026-04-16,1994-10-01,84.1216
2026-04-16,2026-04-16,1994-11-01,84.414
2026-04-16,2026-04-16,1994-12-01,84.9892
2026-04-16,2026-04-16,1995-01-01,84.8472
2026-04-16,2026-04-16,1995-02-01,84.4634
2026-04-16,2026-04-16,1995-03-01,84.3123
2026-04-16,2026-04-16,1995-04-01,83.8748
2026-04-16,2026-04-16,1995-05-01,83.9876
2026-04-16,2026-04-16,1995-06-01,83.9584
2026-04-16,2026-04-16,1995-07-01,83.2944
2026-04-16,2026-04-16,1995-08-01,84.0724
2026-04-16,2026-04-16,1995-09-01,84.0747
2026-04-16,2026-04-16,1995-10-01,83.58
2026-04-16,2026-04-16,1995-11-01,83.4429
2026-04-16,2026-04-16,1995-12-01,83.3654
2026-04-16,2026-04-16,1996-01-01,82.5158
2026-04-16,2026-04-16,1996-02-01,83.3451
2026-04-16,2026-04-16,1996-03-01,82.8594
2026-04-16,2026-04-16,1996-04-01,83.2941
2026-04-16,2026-04-16,1996-05-01,83.5236
2026-04-16,2026-04-16,1996-06-01,83.7665
2026-04-16,2026-04-16,1996-07-01,83.3918
2026-04-16,2026-04-16,1996-08-01,83.4315
2026-04-16,2026-04-16,1996-09-01,83.564
2026-04-16,2026-04-16,1996-10-01,83.1973
2026-04-16,2026-04-16,1996-11-01,83.5622
2026-04-16,2026-04-16,1996-12-01,83.6933
2026-04-16,2026-04-16,1997-01-01,83.4262
2026-04-16,2026-04-16,1997-02-01,84.0084
2026-04-16,2026-04-16,1997-03-01,84.12
2026-04-16,2026-04-16,1997-04-01,83.7916
2026-04-16,2026-04-16,1997-05-01,83.8144
2026-04-16,2026-04-16,1997-06-01,83.7402
2026-04-16,2026-04-16,1997-07-01,83.978
2026-04-16,2026-04-16,1997-08-01,84.3178
2026-04-16,2026-04-16,1997-09-01,84.5693
2026-04-16,2026-04-16,1997-10-01,84.7793
2026-04-16,2026-04-16,1997-11-01,84.8918
2026-04-16,2026-04-16,1997-12-01,84.692
2026-04-16,2026-04-16,1998-01-01,84.4984
2026-04-16,2026-04-16,1998-02-01,84.074
2026-04-16,2026-04-16,1998-03-01,83.5488
2026-04-16,2026-04-16,1998-04-01,83.2923
2026-04-16,2026-04-16,1998-05-01,83.3136
2026-04-16,2026-04-16,1998-06-01,82.3151
2026-04-16,2026-04-16,1998-07-01,81.5396
2026-04-16,2026-04-16,1998-08-01,82.7869
2026-04-16,2026-04-16,1998-09-01,82.3253
2026-04-16,2026-04-16,1998-10-01,82.4879
2026-04-16,2026-04-16,1998-11-01,82.0403
2026-04-16,2026-04-16,1998-12-01,82.0415
2026-04-16,2026-04-16,1999-01-01,82.0391
2026-04-16,2026-04-16,1999-02-01,82.1916
2026-04-16,2026-04-16,1999-03-01,82.0452
2026-04-16,2026-04-16,1999-04-01,81.9153
2026-04-16,2026-04-16,1999-05-01,82.124
2026-04-16,2026-04-16,1999-06-01,81.7593
2026-04-16,2026-04-16,1999-07-01,81.9405
2026-04-16,2026-04-16,1999-08-01,81.9786
2026-04-16,2026-04-16,1999-09-01,81.3642
2026-04-16,2026-04-16,1999-10-01,82.0771
2026-04-16,2026-04-16,1999-11-01,82.198
2026-04-16,2026-04-16,1999-12-01,82.5592
2026-04-16,2026-04-16,2000-01-01,82.179
2026-04-16,2026-04-16,2000-02-01,82.1719
2026-04-16,2026-04-16,2000-03-01,82.2023
2026-04-16,2026-04-16,2000-04-01,82.4316
2026-04-16,2026-04-16,2000-05-01,82.3967
2026-04-16,2026-04-16,2000-06-01,82.1729
2026-04-16,2026-04-16,2000-07-01,81.7603
2026-04-16,2026-04-16,2000-08-01,81.2857
2026-04-16,2026-04-16,2000-09-01,81.4061
2026-04-16,2026-04-16,2000-10-01,80.8334
2026-04-16,2026-04-16,2000-11-01,80.5963
2026-04-16,2026-04-16,2000-12-01,80.0735
2026-04-16,2026-04-16,2001-01-01,79.4332
2026-04-16,2026-04-16,2001-02-01,78.6604
2026-04-16,2026-04-16,2001-03-01,78.2472
2026-04-16,2026-04-16,2001-04-01,77.7206
2026-04-16,2026-04-16,2001-05-01,77.1128
2026-04-16,2026-04-16,2001-06-01,76.4807
2026-04-16,2026-04-16,2001-07-01,75.7806
2026-04-16,2026-04-16,2001-08-01,75.4938
2026-04-16,2026-04-16,2001-09-01,74.9237
2026-04-16,2026-04-16,2001-10-01,74.5431
2026-04-16,2026-04-16,2001-11-01,73.9318
2026-04-16,2026-04-16,2001-12-01,73.7552
2026-04-16,2026-04-16,2002-01-01,74.1161
2026-04-16,2026-04-16,2002-02-01,74.0132
2026-04-16,2026-04-16,2002-03-01,74.4558
2026-04-16,2026-04-16,2002-04-01,74.7452
2026-04-16,2026-04-16,2002-05-01,74.9894
2026-04-16,2026-04-16,2002-06-01,75.569
2026-04-16,2026-04-16,2002-07-01,75.5228
2026-04-16,2026-04-16,2002-08-01,75.4317
2026-04-16,2026-04-16,2002-09-01,75.4995
2026-04-16,2026-04-16,2002-10-01,75.3553
2026-04-16,2026-04-16,2002-11-01,75.8001
2026-04-16,2026-04-16,2002-12-01,75.4073
2026-04-16,2026-04-16,2003-01-01,76.0829
2026-04-16,2026-04-16,2003-02-01,76.2008
2026-04-16,2026-04-16,2003-03-01,76.0272
2026-04-16,2026-04-16,2003-04-01,75.6028
2026-04-16,2026-04-16,2003-05-01,75.6099
2026-04-16,2026-04-16,2003-06-01,75.7311
2026-04-16,2026-04-16,2003-07-01,76.1369
2026-04-16,2026-04-16,2003-08-01,75.9832
2026-04-16,2026-04-16,2003-09-01,76.483
2026-04-16,2026-04-16,2003-10-01,76.5884
2026-04-16,2026-04-16,2003-11-01,77.1135
2026-04-16,2026-04-16,2003-12-01,77.1489
2026-04-16,2026-04-16,2004-01-01,77.2806
2026-04-16,2026-04-16,2004-02-01,77.7639
2026-04-16,2026-04-16,2004-03-01,77.4721
2026-04-16,2026-04-16,2004-04-01,77.7807
2026-04-16,2026-04-16,2004-05-01,78.3623
2026-04-16,2026-04-16,2004-06-01,77.7669
2026-04-16,2026-04-16,2004-07-01,78.3594
2026-04-16,2026-04-16,2004-08-01,78.4167
2026-04-16,2026-04-16,2004-09-01,78.5109
2026-04-16,2026-04-16,2004-10-01,79.1635
2026-04-16,2026-04-16,2004-11-01,79.3296
2026-04-16,2026-04-16,2004-12-01,79.9179
2026-04-16,2026-04-16,2005-01-01,80.1494
2026-04-16,2026-04-16,2005-02-01,80.6584
2026-04-16,2026-04-16,2005-03-01,80.4638
2026-04-16,2026-04-16,2005-04-01,80.5421
2026-04-16,2026-04-16,2005-05-01,80.5094
2026-04-16,2026-04-16,2005-06-01,80.7567
2026-04-16,2026-04-16,2005-07-01,80.3802
2026-04-16,2026-04-16,2005-08-01,80.5172
2026-04-16,2026-04-16,2005-09-01,78.8319
2026-04-16,2026-04-16,2005-10-01,79.6607
2026-04-16,2026-04-16,2005-11-01,80.426
2026-04-16,2026-04-16,2005-12-01,80.7109
2026-04-16,2026-04-16,2006-01-01,80.7078
2026-04-16,2026-04-16,2006-02-01,80.6111
2026-04-16,2026-04-16,2006-03-01,80.6609
2026-04-16,2026-04-16,2006-04-01,80.7713
2026-04-16,2026-04-16,2006-05-01,80.6521
2026-04-16,2026-04-16,2006-06-01,80.7601
2026-04-16,2026-04-16,2006-07-01,80.5643
2026-04-16,2026-04-16,2006-08-01,80.754
2026-04-16,2026-04-16,2006-09-01,80.4492
2026-04-16,2026-04-16,2006-10-01,80.1804
2026-04-16,2026-04-16,2006-11-01,79.9663
2026-04-16,2026-04-16,2006-12-01,80.5985
2026-04-16,2026-04-16,2007-01-01,80.1452
2026-04-16,2026-04-16,2007-02-01,80.7218
2026-04-16,2026-04-16,2007-03-01,80.6932
2026-04-16,2026-04-16,2007-04-01,81.0737
2026-04-16,2026-04-16,2007-05-01,81.0044
2026-04-16,2026-04-16,2007-06-01,80.9238
2026-04-16,2026-04-16,2007-07-01,80.7255
2026-04-16,2026-04-16,2007-08-01,80.8082
2026-04-16,2026-04-16,2007-09-01,80.9387
2026-04-16,2026-04-16,2007-10-01,80.6837
2026-04-16,2026-04-16,2007-11-01,81.1065
2026-04-16,2026-04-16,2007-12-01,81.1425
2026-04-16,2026-04-16,2008-01-01,81.0549
2026-04-16,2026-04-16,2008-02-01,80.7602
2026-04-16,2026-04-16,2008-03-01,80.5381
2026-04-16,2026-04-16,2008-04-01,80.0376
2026-04-16,2026-04-16,2008-05-01,79.5579
2026-04-16,2026-04-16,2008-06-01,79.3571
2026-04-16,2026-04-16,2008-07-01,79.0325
2026-04-16,2026-04-16,2008-08-01,77.7251
2026-04-16,2026-04-16,2008-09-01,74.2216
2026-04-16,2026-04-16,2008-10-01,74.8669
2026-04-16,2026-04-16,2008-11-01,73.782
2026-04-16,2026-04-16,2008-12-01,71.607
2026-04-16,2026-04-16,2009-01-01,69.7304
2026-04-16,2026-04-16,2009-02-01,69.2326
2026-04-16,2026-04-16,2009-03-01,68.0889
2026-04-16,2026-04-16,2009-04-01,67.4762
2026-04-16,2026-04-16,2009-05-01,66.7676
2026-04-16,2026-04-16,2009-06-01,66.5138
2026-04-16,2026-04-16,2009-07-01,67.29
2026-04-16,2026-04-16,2009-08-01,68.0795
2026-04-16,2026-04-16,2009-09-01,68.7549
2026-04-16,2026-04-16,2009-10-01,69.0357
2026-04-16,2026-04-16,2009-11-01,69.447
2026-04-16,2026-04-16,2009-12-01,69.8541
2026-04-16,2026-04-16,2010-01-01,70.7532
2026-04-16,2026-04-16,2010-02-01,71.1612
2026-04-16,2026-04-16,2010-03-01,71.7964
2026-04-16,2026-04-16,2010-04-01,72.1905
2026-04-16,2026-04-16,2010-05-01,73.3146
2026-04-16,2026-04-16,2010-06-01,73.5918
2026-04-16,2026-04-16,2010-07-01,74.0009
2026-04-16,2026-04-16,2010-08-01,74.3883
2026-04-16,2026-04-16,2010-09-01,74.7076
2026-04-16,2026-04-16,2010-10-01,74.58
2026-04-16,2026-04-16,2010-11-01,74.7131
2026-04-16,2026-04-16,2010-12-01,75.4968
2026-04-16,2026-04-16,2011-01-01,75.3741
2026-04-16,2026-04-16,2011-02-01,75.0928
2026-04-16,2026-04-16,2011-03-01,75.8747
2026-04-16,2026-04-16,2011-04-01,75.6127
2026-04-16,2026-04-16,2011-05-01,75.6684
2026-04-16,2026-04-16,2011-06-01,75.8425
2026-04-16,2026-04-16,2011-07-01,76.1431
2026-04-16,2026-04-16,2011-08-01,76.5667
2026-04-16,2026-04-16,2011-09-01,76.3992
2026-04-16,2026-04-16,2011-10-01,76.8123
2026-04-16,2026-04-16,2011-11-01,76.6783
2026-04-16,2026-04-16,2011-12-01,76.9495
2026-04-16,2026-04-16,2012-01-01,77.2652
2026-04-16,2026-04-16,2012-02-01,77.3673
2026-04-16,2026-04-16,2012-03-01,76.8194
2026-04-16,2026-04-16,2012-04-01,77.2234
2026-04-16,2026-04-16,2012-05-01,77.2546
2026-04-16,2026-04-16,2012-06-01,77.1149
2026-04-16,2026-04-16,2012-07-01,77.1372
2026-04-16,2026-04-16,2012-08-01,76.672
2026-04-16,2026-04-16,2012-09-01,76.4846
2026-04-16,2026-04-16,2012-10-01,76.6227
2026-04-16,2026-04-16,2012-11-01,76.78
2026-04-16,2026-04-16,2012-12-01,76.8435
2026-04-16,2026-04-16,2013-01-01,76.7502
2026-04-16,2026-04-16,2013-02-01,77.0029
2026-04-16,2026-04-16,2013-03-01,77.2135
2026-04-16,2026-04-16,2013-04-01,77.0553
2026-04-16,2026-04-16,2013-05-01,77.0307
2026-04-16,2026-04-16,2013-06-01,77.1119
2026-04-16,2026-04-16,2013-07-01,76.8008
2026-04-16,2026-04-16,2013-08-01,77.1772
2026-04-16,2026-04-16,2013-09-01,77.5046
2026-04-16,2026-04-16,2013-10-01,77.3802
2026-04-16,2026-04-16,2013-11-01,77.4988
2026-04-16,2026-04-16,2013-12-01,77.5927
2026-04-16,2026-04-16,2014-01-01,77.254
2026-04-16,2026-04-16,2014-02-01,77.7747
2026-04-16,2026-04-16,2014-03-01,78.4628
2026-04-16,2026-04-16,2014-04-01,78.4705
2026-04-16,2026-04-16,2014-05-01,78.6999
2026-04-16,2026-04-16,2014-06-01,78.8952
2026-04-16,2026-04-16,2014-07-01,78.9933
2026-04-16,2026-04-16,2014-08-01,78.7669
2026-04-16,2026-04-16,2014-09-01,78.9218
2026-04-16,2026-04-16,2014-10-01,78.8663
2026-04-16,2026-04-16,2014-11-01,79.2962
2026-04-16,2026-04-16,2014-12-01,79.2419
2026-04-16,2026-04-16,2015-01-01,78.5803
2026-04-16,2026-04-16,2015-02-01,78.055
2026-04-16,2026-04-16,2015-03-01,77.7804
2026-04-16,2026-04-16,2015-04-01,77.3487
2026-04-16,2026-04-16,2015-05-01,77.0092
2026-04-16,2026-04-16,2015-06-01,76.7774
2026-04-16,2026-04-16,2015-07-01,77.2924
2026-04-16,2026-04-16,2015-08-01,77.1715
2026-04-16,2026-04-16,2015-09-01,76.9791
2026-04-16,2026-04-16,2015-10-01,76.6282
2026-04-16,2026-04-16,2015-11-01,76.0819
2026-04-16,2026-04-16,2015-12-01,75.7214
2026-04-16,2026-04-16,2016-01-01,76.1248
2026-04-16,2026-04-16,2016-02-01,75.7291
2026-04-16,2026-04-16,2016-03-01,75.1587
2026-04-16,2026-04-16,2016-04-01,75.3969
2026-04-16,2026-04-16,2016-05-01,75.2034
2026-04-16,2026-04-16,2016-06-01,75.5298
2026-04-16,2026-04-16,2016-07-01,75.5839
2026-04-16,2026-04-16,2016-08-01,75.432
2026-04-16,2026-04-16,2016-09-01,75.3145
2026-04-16,2026-04-16,2016-10-01,75.2918
2026-04-16,2026-04-16,2016-11-01,74.9498
2026-04-16,2026-04-16,2016-12-01,75.4424
2026-04-16,2026-04-16,2017-01-01,75.2339
2026-04-16,2026-04-16,2017-02-01,74.9346
2026-04-16,2026-04-16,2017-03-01,75.4439
2026-04-16,2026-04-16,2017-04-01,76.2392
2026-04-16,2026-04-16,2017-05-01,76.368
2026-04-16,2026-04-16,2017-06-01,76.5758
2026-04-16,2026-04-16,2017-07-01,76.4534
2026-04-16,2026-04-16,2017-08-01,76.2067
2026-04-16,2026-04-16,2017-09-01,76.3591
2026-04-16,2026-04-16,2017-10-01,77.3753
2026-04-16,2026-04-16,2017-11-01,77.6337
2026-04-16,2026-04-16,2017-12-01,77.8538
2026-04-16,2026-04-16,2018-01-01,77.9138
2026-04-16,2026-04-16,2018-02-01,78.1508
2026-04-16,2026-04-16,2018-03-01,78.5697
2026-04-16,2026-04-16,2018-04-01,79.4597
2026-04-16,2026-04-16,2018-05-01,78.7526
2026-04-16,2026-04-16,2018-06-01,79.356
2026-04-16,2026-04-16,2018-07-01,79.4588
2026-04-16,2026-04-16,2018-08-01,79.9322
2026-04-16,2026-04-16,2018-09-01,79.9314
2026-04-16,2026-04-16,2018-10-01,79.7802
2026-04-16,2026-04-16,2018-11-01,79.7722
2026-04-16,2026-04-16,2018-12-01,79.7142
2026-04-16,2026-04-16,2019-01-01,79.1024
2026-04-16,2026-04-16,2019-02-01,78.5877
2026-04-16,2026-04-16,2019-03-01,78.5337
2026-04-16,2026-04-16,2019-04-01,77.9898
2026-04-16,2026-04-16,2019-05-01,77.9962
2026-04-16,2026-04-16,2019-06-01,77.9493
2026-04-16,2026-04-16,2019-07-01,77.4935
2026-04-16,2026-04-16,2019-08-01,77.9497
2026-04-16,2026-04-16,2019-09-01,77.6205
2026-04-16,2026-04-16,2019-10-01,76.9099
2026-04-16,2026-04-16,2019-11-01,77.252
2026-04-16,2026-04-16,2019-12-01,77.0416
2026-04-16,2026-04-16,2020-01-01,76.519
2026-04-16,2026-04-16,2020-02-01,76.7764
2026-04-16,2026-04-16,2020-03-01,73.7887
2026-04-16,2026-04-16,2020-04-01,64.0847
2026-04-16,2026-04-16,2020-05-01,65.1874
2026-04-16,2026-04-16,2020-06-01,69.5218
2026-04-16,2026-04-16,2020-07-01,72.2103
2026-04-16,2026-04-16,2020-08-01,73.0192
2026-04-16,2026-04-16,2020-09-01,73.1451
2026-04-16,2026-04-16,2020-10-01,73.8636
2026-04-16,2026-04-16,2020-11-01,74.2637
2026-04-16,2026-04-16,2020-12-01,75.3903
2026-04-16,2026-04-16,2021-01-01,75.9401
2026-04-16,2026-04-16,2021-02-01,73.5725
2026-04-16,2026-04-16,2021-03-01,75.8472
2026-04-16,2026-04-16,2021-04-01,76.1216
2026-04-16,2026-04-16,2021-05-01,76.931
2026-04-16,2026-04-16,2021-06-01,77.3367
2026-04-16,2026-04-16,2021-07-01,77.7972
2026-04-16,2026-04-16,2021-08-01,77.7308
2026-04-16,2026-04-16,2021-09-01,76.8871
2026-04-16,2026-04-16,2021-10-01,77.9838
2026-04-16,2026-04-16,2021-11-01,78.562
2026-04-16,2026-04-16,2021-12-01,78.3687
2026-04-16,2026-04-16,2022-01-01,78.088
2026-04-16,2026-04-16,2022-02-01,78.5777
2026-04-16,2026-04-16,2022-03-01,79.0253
2026-04-16,2026-04-16,2022-04-01,79.0418
2026-04-16,2026-04-16,2022-05-01,78.9224
2026-04-16,2026-04-16,2022-06-01,78.6259
2026-04-16,2026-04-16,2022-07-01,78.7204
2026-04-16,2026-04-16,2022-08-01,78.5438
2026-04-16,2026-04-16,2022-09-01,78.6087
2026-04-16,2026-04-16,2022-10-01,78.4843
2026-04-16,2026-04-16,2022-11-01,78.1544
2026-04-16,2026-04-16,2022-12-01,77.1334
2026-04-16,2026-04-16,2023-01-01,77.601
2026-04-16,2026-04-16,2023-02-01,77.6078
2026-04-16,2026-04-16,2023-03-01,77.8036
2026-04-16,2026-04-16,2023-04-01,77.888
2026-04-16,2026-04-16,2023-05-01,77.5496
2026-04-16,2026-04-16,2023-06-01,76.8467
2026-04-16,2026-04-16,2023-07-01,77.3773
2026-04-16,2026-04-16,2023-08-01,77.2588
2026-04-16,2026-04-16,2023-09-01,77.3375
2026-04-16,2026-04-16,2023-10-01,76.859
2026-04-16,2026-04-16,2023-11-01,77.1081
2026-04-16,2026-04-16,2023-12-01,76.858
2026-04-16,2026-04-16,2024-01-01,75.7542
2026-04-16,2026-04-16,2024-02-01,76.5157
2026-04-16,2026-04-16,2024-03-01,76.5964
2026-04-16,2026-04-16,2024-04-01,76.3803
2026-04-16,2026-04-16,2024-05-01,76.7961
2026-04-16,2026-04-16,2024-06-01,76.7586
2026-04-16,2026-04-16,2024-07-01,75.9946
2026-04-16,2026-04-16,2024-08-01,76.2697
2026-04-16,2026-04-16,2024-09-01,75.7216
2026-04-16,2026-04-16,2024-10-01,75.3852
2026-04-16,2026-04-16,2024-11-01,75.1681
2026-04-16,2026-04-16,2024-12-01,75.8651
2026-04-16,2026-04-16,2025-01-01,75.5781
2026-04-16,2026-04-16,2025-02-01,76.2685
2026-04-16,2026-04-16,2025-03-01,76.1318
2026-04-16,2026-04-16,2025-04-01,76.1048
2026-04-16,2026-04-16,2025-05-01,75.8894
2026-04-16,2026-04-16,2025-06-01,76.181
2026-04-16,2026-04-16,2025-07-01,76.3997
2026-04-16,2026-04-16,2025-08-01,76.1055
2026-04-16,2026-04-16,2025-09-01,76.0461
2026-04-16,2026-04-16,2025-10-01,75.6194
2026-04-16,2026-04-16,2025-11-01,75.4249
2026-04-16,2026-04-16,2025-12-01,75.7296
2026-04-16,2026-04-16,2026-01-01,75.6564
2026-04-16,2026-04-16,2026-02-01,76.1407
2026-04-16,2026-04-16,2026-03-01,75.6596
