realtime_start,realtime_end,date,value
2026-02-13,2026-02-13,1947-01-01,21.48
2026-02-13,2026-02-13,1947-02-01,21.62
2026-02-13,2026-02-13,1947-03-01,22.0
2026-02-13,2026-02-13,1947-04-01,22.0
2026-02-13,2026-02-13,1947-05-01,21.95
2026-02-13,2026-02-13,1947-06-01,22.08
2026-02-13,2026-02-13,1947-07-01,22.23
2026-02-13,2026-02-13,1947-08-01,22.4
2026-02-13,2026-02-13,1947-09-01,22.84
2026-02-13,2026-02-13,1947-10-01,22.91
2026-02-13,2026-02-13,1947-11-01,23.06
2026-02-13,2026-02-13,1947-12-01,23.41
2026-02-13,2026-02-13,1948-01-01,23.68
2026-02-13,2026-02-13,1948-02-01,23.67
2026-02-13,2026-02-13,1948-03-01,23.5
2026-02-13,2026-02-13,1948-04-01,23.82
2026-02-13,2026-02-13,1948-05-01,24.01
2026-02-13,2026-02-13,1948-06-01,24.15
2026-02-13,2026-02-13,1948-07-01,24.4
2026-02-13,2026-02-13,1948-08-01,24.43
2026-02-13,2026-02-13,1948-09-01,24.36
2026-02-13,2026-02-13,1948-10-01,24.31
2026-02-13,2026-02-13,1948-11-01,24.16
2026-02-13,2026-02-13,1948-12-01,24.05
2026-02-13,2026-02-13,1949-01-01,24.01
2026-02-13,2026-02-13,1949-02-01,23.91
2026-02-13,2026-02-13,1949-03-01,23.91
2026-02-13,2026-02-13,1949-04-01,23.92
2026-02-13,2026-02-13,1949-05-01,23.91
2026-02-13,2026-02-13,1949-06-01,23.92
2026-02-13,2026-02-13,1949-07-01,23.7
2026-02-13,2026-02-13,1949-08-01,23.7
2026-02-13,2026-02-13,1949-09-01,23.75
2026-02-13,2026-02-13,1949-10-01,23.67
2026-02-13,2026-02-13,1949-11-01,23.7
2026-02-13,2026-02-13,1949-12-01,23.61
2026-02-13,2026-02-13,1950-01-01,23.51
2026-02-13,2026-02-13,1950-02-01,23.61
2026-02-13,2026-02-13,1950-03-01,23.64
2026-02-13,2026-02-13,1950-04-01,23.65
2026-02-13,2026-02-13,1950-05-01,23.77
2026-02-13,2026-02-13,1950-06-01,23.88
2026-02-13,2026-02-13,1950-07-01,24.07
2026-02-13,2026-02-13,1950-08-01,24.2
2026-02-13,2026-02-13,1950-09-01,24.34
2026-02-13,2026-02-13,1950-10-01,24.5
2026-02-13,2026-02-13,1950-11-01,24.6
2026-02-13,2026-02-13,1950-12-01,24.98
2026-02-13,2026-02-13,1951-01-01,25.38
2026-02-13,2026-02-13,1951-02-01,25.83
2026-02-13,2026-02-13,1951-03-01,25.88
2026-02-13,2026-02-13,1951-04-01,25.92
2026-02-13,2026-02-13,1951-05-01,25.99
2026-02-13,2026-02-13,1951-06-01,25.93
2026-02-13,2026-02-13,1951-07-01,25.91
2026-02-13,2026-02-13,1951-08-01,25.86
2026-02-13,2026-02-13,1951-09-01,26.03
2026-02-13,2026-02-13,1951-10-01,26.16
2026-02-13,2026-02-13,1951-11-01,26.32
2026-02-13,2026-02-13,1951-12-01,26.47
2026-02-13,2026-02-13,1952-01-01,26.45
2026-02-13,2026-02-13,1952-02-01,26.41
2026-02-13,2026-02-13,1952-03-01,26.39
2026-02-13,2026-02-13,1952-04-01,26.46
2026-02-13,2026-02-13,1952-05-01,26.47
2026-02-13,2026-02-13,1952-06-01,26.53
2026-02-13,2026-02-13,1952-07-01,26.68
2026-02-13,2026-02-13,1952-08-01,26.69
2026-02-13,2026-02-13,1952-09-01,26.63
2026-02-13,2026-02-13,1952-10-01,26.69
2026-02-13,2026-02-13,1952-11-01,26.69
2026-02-13,2026-02-13,1952-12-01,26.71
2026-02-13,2026-02-13,1953-01-01,26.64
2026-02-13,2026-02-13,1953-02-01,26.59
2026-02-13,2026-02-13,1953-03-01,26.63
2026-02-13,2026-02-13,1953-04-01,26.69
2026-02-13,2026-02-13,1953-05-01,26.7
2026-02-13,2026-02-13,1953-06-01,26.77
2026-02-13,2026-02-13,1953-07-01,26.79
2026-02-13,2026-02-13,1953-08-01,26.85
2026-02-13,2026-02-13,1953-09-01,26.89
2026-02-13,2026-02-13,1953-10-01,26.95
2026-02-13,2026-02-13,1953-11-01,26.85
2026-02-13,2026-02-13,1953-12-01,26.87
2026-02-13,2026-02-13,1954-01-01,26.94
2026-02-13,2026-02-13,1954-02-01,26.99
2026-02-13,2026-02-13,1954-03-01,26.93
2026-02-13,2026-02-13,1954-04-01,26.86
2026-02-13,2026-02-13,1954-05-01,26.93
2026-02-13,2026-02-13,1954-06-01,26.94
2026-02-13,2026-02-13,1954-07-01,26.86
2026-02-13,2026-02-13,1954-08-01,26.85
2026-02-13,2026-02-13,1954-09-01,26.81
2026-02-13,2026-02-13,1954-10-01,26.72
2026-02-13,2026-02-13,1954-11-01,26.78
2026-02-13,2026-02-13,1954-12-01,26.77
2026-02-13,2026-02-13,1955-01-01,26.77
2026-02-13,2026-02-13,1955-02-01,26.82
2026-02-13,2026-02-13,1955-03-01,26.79
2026-02-13,2026-02-13,1955-04-01,26.79
2026-02-13,2026-02-13,1955-05-01,26.77
2026-02-13,2026-02-13,1955-06-01,26.71
2026-02-13,2026-02-13,1955-07-01,26.76
2026-02-13,2026-02-13,1955-08-01,26.72
2026-02-13,2026-02-13,1955-09-01,26.85
2026-02-13,2026-02-13,1955-10-01,26.82
2026-02-13,2026-02-13,1955-11-01,26.88
2026-02-13,2026-02-13,1955-12-01,26.87
2026-02-13,2026-02-13,1956-01-01,26.83
2026-02-13,2026-02-13,1956-02-01,26.86
2026-02-13,2026-02-13,1956-03-01,26.89
2026-02-13,2026-02-13,1956-04-01,26.93
2026-02-13,2026-02-13,1956-05-01,27.03
2026-02-13,2026-02-13,1956-06-01,27.15
2026-02-13,2026-02-13,1956-07-01,27.29
2026-02-13,2026-02-13,1956-08-01,27.31
2026-02-13,2026-02-13,1956-09-01,27.35
2026-02-13,2026-02-13,1956-10-01,27.51
2026-02-13,2026-02-13,1956-11-01,27.51
2026-02-13,2026-02-13,1956-12-01,27.63
2026-02-13,2026-02-13,1957-01-01,27.67
2026-02-13,2026-02-13,1957-02-01,27.8
2026-02-13,2026-02-13,1957-03-01,27.86
2026-02-13,2026-02-13,1957-04-01,27.93
2026-02-13,2026-02-13,1957-05-01,28.0
2026-02-13,2026-02-13,1957-06-01,28.11
2026-02-13,2026-02-13,1957-07-01,28.19
2026-02-13,2026-02-13,1957-08-01,28.28
2026-02-13,2026-02-13,1957-09-01,28.32
2026-02-13,2026-02-13,1957-10-01,28.32
2026-02-13,2026-02-13,1957-11-01,28.41
2026-02-13,2026-02-13,1957-12-01,28.47
2026-02-13,2026-02-13,1958-01-01,28.64
2026-02-13,2026-02-13,1958-02-01,28.7
2026-02-13,2026-02-13,1958-03-01,28.87
2026-02-13,2026-02-13,1958-04-01,28.94
2026-02-13,2026-02-13,1958-05-01,28.94
2026-02-13,2026-02-13,1958-06-01,28.91
2026-02-13,2026-02-13,1958-07-01,28.89
2026-02-13,2026-02-13,1958-08-01,28.94
2026-02-13,2026-02-13,1958-09-01,28.91
2026-02-13,2026-02-13,1958-10-01,28.91
2026-02-13,2026-02-13,1958-11-01,28.95
2026-02-13,2026-02-13,1958-12-01,28.97
2026-02-13,2026-02-13,1959-01-01,29.01
2026-02-13,2026-02-13,1959-02-01,29.0
2026-02-13,2026-02-13,1959-03-01,28.97
2026-02-13,2026-02-13,1959-04-01,28.98
2026-02-13,2026-02-13,1959-05-01,29.04
2026-02-13,2026-02-13,1959-06-01,29.11
2026-02-13,2026-02-13,1959-07-01,29.15
2026-02-13,2026-02-13,1959-08-01,29.18
2026-02-13,2026-02-13,1959-09-01,29.25
2026-02-13,2026-02-13,1959-10-01,29.35
2026-02-13,2026-02-13,1959-11-01,29.35
2026-02-13,2026-02-13,1959-12-01,29.41
2026-02-13,2026-02-13,1960-01-01,29.37
2026-02-13,2026-02-13,1960-02-01,29.41
2026-02-13,2026-02-13,1960-03-01,29.41
2026-02-13,2026-02-13,1960-04-01,29.54
2026-02-13,2026-02-13,1960-05-01,29.57
2026-02-13,2026-02-13,1960-06-01,29.61
2026-02-13,2026-02-13,1960-07-01,29.55
2026-02-13,2026-02-13,1960-08-01,29.61
2026-02-13,2026-02-13,1960-09-01,29.61
2026-02-13,2026-02-13,1960-10-01,29.75
2026-02-13,2026-02-13,1960-11-01,29.78
2026-02-13,2026-02-13,1960-12-01,29.81
2026-02-13,2026-02-13,1961-01-01,29.84
2026-02-13,2026-02-13,1961-02-01,29.84
2026-02-13,2026-02-13,1961-03-01,29.84
2026-02-13,2026-02-13,1961-04-01,29.81
2026-02-13,2026-02-13,1961-05-01,29.84
2026-02-13,2026-02-13,1961-06-01,29.84
2026-02-13,2026-02-13,1961-07-01,29.92
2026-02-13,2026-02-13,1961-08-01,29.94
2026-02-13,2026-02-13,1961-09-01,29.98
2026-02-13,2026-02-13,1961-10-01,29.98
2026-02-13,2026-02-13,1961-11-01,29.98
2026-02-13,2026-02-13,1961-12-01,30.01
2026-02-13,2026-02-13,1962-01-01,30.04
2026-02-13,2026-02-13,1962-02-01,30.11
2026-02-13,2026-02-13,1962-03-01,30.17
2026-02-13,2026-02-13,1962-04-01,30.21
2026-02-13,2026-02-13,1962-05-01,30.24
2026-02-13,2026-02-13,1962-06-01,30.21
2026-02-13,2026-02-13,1962-07-01,30.22
2026-02-13,2026-02-13,1962-08-01,30.28
2026-02-13,2026-02-13,1962-09-01,30.42
2026-02-13,2026-02-13,1962-10-01,30.38
2026-02-13,2026-02-13,1962-11-01,30.38
2026-02-13,2026-02-13,1962-12-01,30.38
2026-02-13,2026-02-13,1963-01-01,30.44
2026-02-13,2026-02-13,1963-02-01,30.48
2026-02-13,2026-02-13,1963-03-01,30.51
2026-02-13,2026-02-13,1963-04-01,30.48
2026-02-13,2026-02-13,1963-05-01,30.51
2026-02-13,2026-02-13,1963-06-01,30.61
2026-02-13,2026-02-13,1963-07-01,30.69
2026-02-13,2026-02-13,1963-08-01,30.75
2026-02-13,2026-02-13,1963-09-01,30.72
2026-02-13,2026-02-13,1963-10-01,30.75
2026-02-13,2026-02-13,1963-11-01,30.78
2026-02-13,2026-02-13,1963-12-01,30.88
2026-02-13,2026-02-13,1964-01-01,30.94
2026-02-13,2026-02-13,1964-02-01,30.91
2026-02-13,2026-02-13,1964-03-01,30.94
2026-02-13,2026-02-13,1964-04-01,30.95
2026-02-13,2026-02-13,1964-05-01,30.98
2026-02-13,2026-02-13,1964-06-01,31.01
2026-02-13,2026-02-13,1964-07-01,31.02
2026-02-13,2026-02-13,1964-08-01,31.05
2026-02-13,2026-02-13,1964-09-01,31.08
2026-02-13,2026-02-13,1964-10-01,31.12
2026-02-13,2026-02-13,1964-11-01,31.21
2026-02-13,2026-02-13,1964-12-01,31.25
2026-02-13,2026-02-13,1965-01-01,31.28
2026-02-13,2026-02-13,1965-02-01,31.28
2026-02-13,2026-02-13,1965-03-01,31.31
2026-02-13,2026-02-13,1965-04-01,31.38
2026-02-13,2026-02-13,1965-05-01,31.48
2026-02-13,2026-02-13,1965-06-01,31.61
2026-02-13,2026-02-13,1965-07-01,31.58
2026-02-13,2026-02-13,1965-08-01,31.55
2026-02-13,2026-02-13,1965-09-01,31.62
2026-02-13,2026-02-13,1965-10-01,31.65
2026-02-13,2026-02-13,1965-11-01,31.75
2026-02-13,2026-02-13,1965-12-01,31.85
2026-02-13,2026-02-13,1966-01-01,31.88
2026-02-13,2026-02-13,1966-02-01,32.08
2026-02-13,2026-02-13,1966-03-01,32.18
2026-02-13,2026-02-13,1966-04-01,32.28
2026-02-13,2026-02-13,1966-05-01,32.35
2026-02-13,2026-02-13,1966-06-01,32.38
2026-02-13,2026-02-13,1966-07-01,32.45
2026-02-13,2026-02-13,1966-08-01,32.65
2026-02-13,2026-02-13,1966-09-01,32.75
2026-02-13,2026-02-13,1966-10-01,32.85
2026-02-13,2026-02-13,1966-11-01,32.88
2026-02-13,2026-02-13,1966-12-01,32.92
2026-02-13,2026-02-13,1967-01-01,32.9
2026-02-13,2026-02-13,1967-02-01,33.0
2026-02-13,2026-02-13,1967-03-01,33.0
2026-02-13,2026-02-13,1967-04-01,33.1
2026-02-13,2026-02-13,1967-05-01,33.1
2026-02-13,2026-02-13,1967-06-01,33.3
2026-02-13,2026-02-13,1967-07-01,33.4
2026-02-13,2026-02-13,1967-08-01,33.5
2026-02-13,2026-02-13,1967-09-01,33.6
2026-02-13,2026-02-13,1967-10-01,33.7
2026-02-13,2026-02-13,1967-11-01,33.9
2026-02-13,2026-02-13,1967-12-01,34.0
2026-02-13,2026-02-13,1968-01-01,34.1
2026-02-13,2026-02-13,1968-02-01,34.2
2026-02-13,2026-02-13,1968-03-01,34.3
2026-02-13,2026-02-13,1968-04-01,34.4
2026-02-13,2026-02-13,1968-05-01,34.5
2026-02-13,2026-02-13,1968-06-01,34.7
2026-02-13,2026-02-13,1968-07-01,34.9
2026-02-13,2026-02-13,1968-08-01,35.0
2026-02-13,2026-02-13,1968-09-01,35.1
2026-02-13,2026-02-13,1968-10-01,35.3
2026-02-13,2026-02-13,1968-11-01,35.4
2026-02-13,2026-02-13,1968-12-01,35.6
2026-02-13,2026-02-13,1969-01-01,35.7
2026-02-13,2026-02-13,1969-02-01,35.8
2026-02-13,2026-02-13,1969-03-01,36.1
2026-02-13,2026-02-13,1969-04-01,36.3
2026-02-13,2026-02-13,1969-05-01,36.4
2026-02-13,2026-02-13,1969-06-01,36.6
2026-02-13,2026-02-13,1969-07-01,36.8
2026-02-13,2026-02-13,1969-08-01,36.9
2026-02-13,2026-02-13,1969-09-01,37.1
2026-02-13,2026-02-13,1969-10-01,37.3
2026-02-13,2026-02-13,1969-11-01,37.5
2026-02-13,2026-02-13,1969-12-01,37.7
2026-02-13,2026-02-13,1970-01-01,37.9
2026-02-13,2026-02-13,1970-02-01,38.1
2026-02-13,2026-02-13,1970-03-01,38.3
2026-02-13,2026-02-13,1970-04-01,38.5
2026-02-13,2026-02-13,1970-05-01,38.6
2026-02-13,2026-02-13,1970-06-01,38.8
2026-02-13,2026-02-13,1970-07-01,38.9
2026-02-13,2026-02-13,1970-08-01,39.0
2026-02-13,2026-02-13,1970-09-01,39.2
2026-02-13,2026-02-13,1970-10-01,39.4
2026-02-13,2026-02-13,1970-11-01,39.6
2026-02-13,2026-02-13,1970-12-01,39.8
2026-02-13,2026-02-13,1971-01-01,39.9
2026-02-13,2026-02-13,1971-02-01,39.9
2026-02-13,2026-02-13,1971-03-01,40.0
2026-02-13,2026-02-13,1971-04-01,40.1
2026-02-13,2026-02-13,1971-05-01,40.3
2026-02-13,2026-02-13,1971-06-01,40.5
2026-02-13,2026-02-13,1971-07-01,40.6
2026-02-13,2026-02-13,1971-08-01,40.7
2026-02-13,2026-02-13,1971-09-01,40.8
2026-02-13,2026-02-13,1971-10-01,40.9
2026-02-13,2026-02-13,1971-11-01,41.0
2026-02-13,2026-02-13,1971-12-01,41.1
2026-02-13,2026-02-13,1972-01-01,41.2
2026-02-13,2026-02-13,1972-02-01,41.4
2026-02-13,2026-02-13,1972-03-01,41.4
2026-02-13,2026-02-13,1972-04-01,41.5
2026-02-13,2026-02-13,1972-05-01,41.6
2026-02-13,2026-02-13,1972-06-01,41.7
2026-02-13,2026-02-13,1972-07-01,41.8
2026-02-13,2026-02-13,1972-08-01,41.9
2026-02-13,2026-02-13,1972-09-01,42.1
2026-02-13,2026-02-13,1972-10-01,42.2
2026-02-13,2026-02-13,1972-11-01,42.4
2026-02-13,2026-02-13,1972-12-01,42.5
2026-02-13,2026-02-13,1973-01-01,42.7
2026-02-13,2026-02-13,1973-02-01,43.0
2026-02-13,2026-02-13,1973-03-01,43.4
2026-02-13,2026-02-13,1973-04-01,43.7
2026-02-13,2026-02-13,1973-05-01,43.9
2026-02-13,2026-02-13,1973-06-01,44.2
2026-02-13,2026-02-13,1973-07-01,44.2
2026-02-13,2026-02-13,1973-08-01,45.0
2026-02-13,2026-02-13,1973-09-01,45.2
2026-02-13,2026-02-13,1973-10-01,45.6
2026-02-13,2026-02-13,1973-11-01,45.9
2026-02-13,2026-02-13,1973-12-01,46.3
2026-02-13,2026-02-13,1974-01-01,46.8
2026-02-13,2026-02-13,1974-02-01,47.3
2026-02-13,2026-02-13,1974-03-01,47.8
2026-02-13,2026-02-13,1974-04-01,48.1
2026-02-13,2026-02-13,1974-05-01,48.6
2026-02-13,2026-02-13,1974-06-01,49.0
2026-02-13,2026-02-13,1974-07-01,49.3
2026-02-13,2026-02-13,1974-08-01,49.9
2026-02-13,2026-02-13,1974-09-01,50.6
2026-02-13,2026-02-13,1974-10-01,51.0
2026-02-13,2026-02-13,1974-11-01,51.5
2026-02-13,2026-02-13,1974-12-01,51.9
2026-02-13,2026-02-13,1975-01-01,52.3
2026-02-13,2026-02-13,1975-02-01,52.6
2026-02-13,2026-02-13,1975-03-01,52.8
2026-02-13,2026-02-13,1975-04-01,53.0
2026-02-13,2026-02-13,1975-05-01,53.1
2026-02-13,2026-02-13,1975-06-01,53.5
2026-02-13,2026-02-13,1975-07-01,54.0
2026-02-13,2026-02-13,1975-08-01,54.2
2026-02-13,2026-02-13,1975-09-01,54.6
2026-02-13,2026-02-13,1975-10-01,54.9
2026-02-13,2026-02-13,1975-11-01,55.3
2026-02-13,2026-02-13,1975-12-01,55.6
2026-02-13,2026-02-13,1976-01-01,55.8
2026-02-13,2026-02-13,1976-02-01,55.9
2026-02-13,2026-02-13,1976-03-01,56.0
2026-02-13,2026-02-13,1976-04-01,56.1
2026-02-13,2026-02-13,1976-05-01,56.4
2026-02-13,2026-02-13,1976-06-01,56.7
2026-02-13,2026-02-13,1976-07-01,57.0
2026-02-13,2026-02-13,1976-08-01,57.3
2026-02-13,2026-02-13,1976-09-01,57.6
2026-02-13,2026-02-13,1976-10-01,57.9
2026-02-13,2026-02-13,1976-11-01,58.1
2026-02-13,2026-02-13,1976-12-01,58.4
2026-02-13,2026-02-13,1977-01-01,58.7
2026-02-13,2026-02-13,1977-02-01,59.3
2026-02-13,2026-02-13,1977-03-01,59.6
2026-02-13,2026-02-13,1977-04-01,60.0
2026-02-13,2026-02-13,1977-05-01,60.2
2026-02-13,2026-02-13,1977-06-01,60.5
2026-02-13,2026-02-13,1977-07-01,60.8
2026-02-13,2026-02-13,1977-08-01,61.1
2026-02-13,2026-02-13,1977-09-01,61.3
2026-02-13,2026-02-13,1977-10-01,61.6
2026-02-13,2026-02-13,1977-11-01,62.0
2026-02-13,2026-02-13,1977-12-01,62.3
2026-02-13,2026-02-13,1978-01-01,62.7
2026-02-13,2026-02-13,1978-02-01,63.0
2026-02-13,2026-02-13,1978-03-01,63.4
2026-02-13,2026-02-13,1978-04-01,63.9
2026-02-13,2026-02-13,1978-05-01,64.5
2026-02-13,2026-02-13,1978-06-01,65.0
2026-02-13,2026-02-13,1978-07-01,65.5
2026-02-13,2026-02-13,1978-08-01,65.9
2026-02-13,2026-02-13,1978-09-01,66.5
2026-02-13,2026-02-13,1978-10-01,67.1
2026-02-13,2026-02-13,1978-11-01,67.5
2026-02-13,2026-02-13,1978-12-01,67.9
2026-02-13,2026-02-13,1979-01-01,68.5
2026-02-13,2026-02-13,1979-02-01,69.2
2026-02-13,2026-02-13,1979-03-01,69.9
2026-02-13,2026-02-13,1979-04-01,70.6
2026-02-13,2026-02-13,1979-05-01,71.4
2026-02-13,2026-02-13,1979-06-01,72.2
2026-02-13,2026-02-13,1979-07-01,73.0
2026-02-13,2026-02-13,1979-08-01,73.7
2026-02-13,2026-02-13,1979-09-01,74.4
2026-02-13,2026-02-13,1979-10-01,75.2
2026-02-13,2026-02-13,1979-11-01,76.0
2026-02-13,2026-02-13,1979-12-01,76.9
2026-02-13,2026-02-13,1980-01-01,78.0
2026-02-13,2026-02-13,1980-02-01,79.0
2026-02-13,2026-02-13,1980-03-01,80.1
2026-02-13,2026-02-13,1980-04-01,80.9
2026-02-13,2026-02-13,1980-05-01,81.7
2026-02-13,2026-02-13,1980-06-01,82.5
2026-02-13,2026-02-13,1980-07-01,82.6
2026-02-13,2026-02-13,1980-08-01,83.2
2026-02-13,2026-02-13,1980-09-01,83.9
2026-02-13,2026-02-13,1980-10-01,84.7
2026-02-13,2026-02-13,1980-11-01,85.6
2026-02-13,2026-02-13,1980-12-01,86.4
2026-02-13,2026-02-13,1981-01-01,87.2
2026-02-13,2026-02-13,1981-02-01,88.0
2026-02-13,2026-02-13,1981-03-01,88.6
2026-02-13,2026-02-13,1981-04-01,89.1
2026-02-13,2026-02-13,1981-05-01,89.7
2026-02-13,2026-02-13,1981-06-01,90.5
2026-02-13,2026-02-13,1981-07-01,91.5
2026-02-13,2026-02-13,1981-08-01,92.2
2026-02-13,2026-02-13,1981-09-01,93.1
2026-02-13,2026-02-13,1981-10-01,93.4
2026-02-13,2026-02-13,1981-11-01,93.8
2026-02-13,2026-02-13,1981-12-01,94.1
2026-02-13,2026-02-13,1982-01-01,94.4
2026-02-13,2026-02-13,1982-02-01,94.7
2026-02-13,2026-02-13,1982-03-01,94.7
2026-02-13,2026-02-13,1982-04-01,95.0
2026-02-13,2026-02-13,1982-05-01,95.9
2026-02-13,2026-02-13,1982-06-01,97.0
2026-02-13,2026-02-13,1982-07-01,97.5
2026-02-13,2026-02-13,1982-08-01,97.7
2026-02-13,2026-02-13,1982-09-01,97.7
2026-02-13,2026-02-13,1982-10-01,98.1
2026-02-13,2026-02-13,1982-11-01,98.0
2026-02-13,2026-02-13,1982-12-01,97.7
2026-02-13,2026-02-13,1983-01-01,97.9
2026-02-13,2026-02-13,1983-02-01,98.0
2026-02-13,2026-02-13,1983-03-01,98.1
2026-02-13,2026-02-13,1983-04-01,98.8
2026-02-13,2026-02-13,1983-05-01,99.2
2026-02-13,2026-02-13,1983-06-01,99.4
2026-02-13,2026-02-13,1983-07-01,99.8
2026-02-13,2026-02-13,1983-08-01,100.1
2026-02-13,2026-02-13,1983-09-01,100.4
2026-02-13,2026-02-13,1983-10-01,100.8
2026-02-13,2026-02-13,1983-11-01,101.1
2026-02-13,2026-02-13,1983-12-01,101.4
2026-02-13,2026-02-13,1984-01-01,102.1
2026-02-13,2026-02-13,1984-02-01,102.6
2026-02-13,2026-02-13,1984-03-01,102.9
2026-02-13,2026-02-13,1984-04-01,103.3
2026-02-13,2026-02-13,1984-05-01,103.5
2026-02-13,2026-02-13,1984-06-01,103.7
2026-02-13,2026-02-13,1984-07-01,104.1
2026-02-13,2026-02-13,1984-08-01,104.4
2026-02-13,2026-02-13,1984-09-01,104.7
2026-02-13,2026-02-13,1984-10-01,105.1
2026-02-13,2026-02-13,1984-11-01,105.3
2026-02-13,2026-02-13,1984-12-01,105.5
2026-02-13,2026-02-13,1985-01-01,105.7
2026-02-13,2026-02-13,1985-02-01,106.3
2026-02-13,2026-02-13,1985-03-01,106.8
2026-02-13,2026-02-13,1985-04-01,107.0
2026-02-13,2026-02-13,1985-05-01,107.2
2026-02-13,2026-02-13,1985-06-01,107.5
2026-02-13,2026-02-13,1985-07-01,107.7
2026-02-13,2026-02-13,1985-08-01,107.9
2026-02-13,2026-02-13,1985-09-01,108.1
2026-02-13,2026-02-13,1985-10-01,108.5
2026-02-13,2026-02-13,1985-11-01,109.0
2026-02-13,2026-02-13,1985-12-01,109.5
2026-02-13,2026-02-13,1986-01-01,109.9
2026-02-13,2026-02-13,1986-02-01,109.7
2026-02-13,2026-02-13,1986-03-01,109.1
2026-02-13,2026-02-13,1986-04-01,108.7
2026-02-13,2026-02-13,1986-05-01,109.0
2026-02-13,2026-02-13,1986-06-01,109.4
2026-02-13,2026-02-13,1986-07-01,109.5
2026-02-13,2026-02-13,1986-08-01,109.6
2026-02-13,2026-02-13,1986-09-01,110.0
2026-02-13,2026-02-13,1986-10-01,110.2
2026-02-13,2026-02-13,1986-11-01,110.4
2026-02-13,2026-02-13,1986-12-01,110.8
2026-02-13,2026-02-13,1987-01-01,111.4
2026-02-13,2026-02-13,1987-02-01,111.8
2026-02-13,2026-02-13,1987-03-01,112.2
2026-02-13,2026-02-13,1987-04-01,112.7
2026-02-13,2026-02-13,1987-05-01,113.0
2026-02-13,2026-02-13,1987-06-01,113.5
2026-02-13,2026-02-13,1987-07-01,113.8
2026-02-13,2026-02-13,1987-08-01,114.3
2026-02-13,2026-02-13,1987-09-01,114.7
2026-02-13,2026-02-13,1987-10-01,115.0
2026-02-13,2026-02-13,1987-11-01,115.4
2026-02-13,2026-02-13,1987-12-01,115.6
2026-02-13,2026-02-13,1988-01-01,116.0
2026-02-13,2026-02-13,1988-02-01,116.2
2026-02-13,2026-02-13,1988-03-01,116.5
2026-02-13,2026-02-13,1988-04-01,117.2
2026-02-13,2026-02-13,1988-05-01,117.5
2026-02-13,2026-02-13,1988-06-01,118.0
2026-02-13,2026-02-13,1988-07-01,118.5
2026-02-13,2026-02-13,1988-08-01,119.0
2026-02-13,2026-02-13,1988-09-01,119.5
2026-02-13,2026-02-13,1988-10-01,119.9
2026-02-13,2026-02-13,1988-11-01,120.3
2026-02-13,2026-02-13,1988-12-01,120.7
2026-02-13,2026-02-13,1989-01-01,121.2
2026-02-13,2026-02-13,1989-02-01,121.6
2026-02-13,2026-02-13,1989-03-01,122.2
2026-02-13,2026-02-13,1989-04-01,123.1
2026-02-13,2026-02-13,1989-05-01,123.7
2026-02-13,2026-02-13,1989-06-01,124.1
2026-02-13,2026-02-13,1989-07-01,124.5
2026-02-13,2026-02-13,1989-08-01,124.5
2026-02-13,2026-02-13,1989-09-01,124.8
2026-02-13,2026-02-13,1989-10-01,125.4
2026-02-13,2026-02-13,1989-11-01,125.9
2026-02-13,2026-02-13,1989-12-01,126.3
2026-02-13,2026-02-13,1990-01-01,127.5
2026-02-13,2026-02-13,1990-02-01,128.0
2026-02-13,2026-02-13,1990-03-01,128.6
2026-02-13,2026-02-13,1990-04-01,128.9
2026-02-13,2026-02-13,1990-05-01,129.1
2026-02-13,2026-02-13,1990-06-01,129.9
2026-02-13,2026-02-13,1990-07-01,130.5
2026-02-13,2026-02-13,1990-08-01,131.6
2026-02-13,2026-02-13,1990-09-01,132.5
2026-02-13,2026-02-13,1990-10-01,133.4
2026-02-13,2026-02-13,1990-11-01,133.7
2026-02-13,2026-02-13,1990-12-01,134.2
2026-02-13,2026-02-13,1991-01-01,134.7
2026-02-13,2026-02-13,1991-02-01,134.8
2026-02-13,2026-02-13,1991-03-01,134.8
2026-02-13,2026-02-13,1991-04-01,135.1
2026-02-13,2026-02-13,1991-05-01,135.6
2026-02-13,2026-02-13,1991-06-01,136.0
2026-02-13,2026-02-13,1991-07-01,136.2
2026-02-13,2026-02-13,1991-08-01,136.6
2026-02-13,2026-02-13,1991-09-01,137.0
2026-02-13,2026-02-13,1991-10-01,137.2
2026-02-13,2026-02-13,1991-11-01,137.8
2026-02-13,2026-02-13,1991-12-01,138.2
2026-02-13,2026-02-13,1992-01-01,138.3
2026-02-13,2026-02-13,1992-02-01,138.6
2026-02-13,2026-02-13,1992-03-01,139.1
2026-02-13,2026-02-13,1992-04-01,139.4
2026-02-13,2026-02-13,1992-05-01,139.7
2026-02-13,2026-02-13,1992-06-01,140.1
2026-02-13,2026-02-13,1992-07-01,140.5
2026-02-13,2026-02-13,1992-08-01,140.8
2026-02-13,2026-02-13,1992-09-01,141.1
2026-02-13,2026-02-13,1992-10-01,141.7
2026-02-13,2026-02-13,1992-11-01,142.1
2026-02-13,2026-02-13,1992-12-01,142.3
2026-02-13,2026-02-13,1993-01-01,142.8
2026-02-13,2026-02-13,1993-02-01,143.1
2026-02-13,2026-02-13,1993-03-01,143.3
2026-02-13,2026-02-13,1993-04-01,143.8
2026-02-13,2026-02-13,1993-05-01,144.2
2026-02-13,2026-02-13,1993-06-01,144.3
2026-02-13,2026-02-13,1993-07-01,144.5
2026-02-13,2026-02-13,1993-08-01,144.8
2026-02-13,2026-02-13,1993-09-01,145.0
2026-02-13,2026-02-13,1993-10-01,145.6
2026-02-13,2026-02-13,1993-11-01,146.0
2026-02-13,2026-02-13,1993-12-01,146.3
2026-02-13,2026-02-13,1994-01-01,146.3
2026-02-13,2026-02-13,1994-02-01,146.7
2026-02-13,2026-02-13,1994-03-01,147.1
2026-02-13,2026-02-13,1994-04-01,147.2
2026-02-13,2026-02-13,1994-05-01,147.5
2026-02-13,2026-02-13,1994-06-01,147.9
2026-02-13,2026-02-13,1994-07-01,148.4
2026-02-13,2026-02-13,1994-08-01,149.0
2026-02-13,2026-02-13,1994-09-01,149.3
2026-02-13,2026-02-13,1994-10-01,149.4
2026-02-13,2026-02-13,1994-11-01,149.8
2026-02-13,2026-02-13,1994-12-01,150.1
2026-02-13,2026-02-13,1995-01-01,150.5
2026-02-13,2026-02-13,1995-02-01,150.9
2026-02-13,2026-02-13,1995-03-01,151.2
2026-02-13,2026-02-13,1995-04-01,151.8
2026-02-13,2026-02-13,1995-05-01,152.1
2026-02-13,2026-02-13,1995-06-01,152.4
2026-02-13,2026-02-13,1995-07-01,152.6
2026-02-13,2026-02-13,1995-08-01,152.9
2026-02-13,2026-02-13,1995-09-01,153.1
2026-02-13,2026-02-13,1995-10-01,153.5
2026-02-13,2026-02-13,1995-11-01,153.7
2026-02-13,2026-02-13,1995-12-01,153.9
2026-02-13,2026-02-13,1996-01-01,154.7
2026-02-13,2026-02-13,1996-02-01,155.0
2026-02-13,2026-02-13,1996-03-01,155.5
2026-02-13,2026-02-13,1996-04-01,156.1
2026-02-13,2026-02-13,1996-05-01,156.4
2026-02-13,2026-02-13,1996-06-01,156.7
2026-02-13,2026-02-13,1996-07-01,157.0
2026-02-13,2026-02-13,1996-08-01,157.2
2026-02-13,2026-02-13,1996-09-01,157.7
2026-02-13,2026-02-13,1996-10-01,158.2
2026-02-13,2026-02-13,1996-11-01,158.7
2026-02-13,2026-02-13,1996-12-01,159.1
2026-02-13,2026-02-13,1997-01-01,159.4
2026-02-13,2026-02-13,1997-02-01,159.7
2026-02-13,2026-02-13,1997-03-01,159.8
2026-02-13,2026-02-13,1997-04-01,159.9
2026-02-13,2026-02-13,1997-05-01,159.9
2026-02-13,2026-02-13,1997-06-01,160.2
2026-02-13,2026-02-13,1997-07-01,160.4
2026-02-13,2026-02-13,1997-08-01,160.8
2026-02-13,2026-02-13,1997-09-01,161.2
2026-02-13,2026-02-13,1997-10-01,161.5
2026-02-13,2026-02-13,1997-11-01,161.7
2026-02-13,2026-02-13,1997-12-01,161.8
2026-02-13,2026-02-13,1998-01-01,162.0
2026-02-13,2026-02-13,1998-02-01,162.0
2026-02-13,2026-02-13,1998-03-01,162.0
2026-02-13,2026-02-13,1998-04-01,162.2
2026-02-13,2026-02-13,1998-05-01,162.6
2026-02-13,2026-02-13,1998-06-01,162.8
2026-02-13,2026-02-13,1998-07-01,163.2
2026-02-13,2026-02-13,1998-08-01,163.4
2026-02-13,2026-02-13,1998-09-01,163.5
2026-02-13,2026-02-13,1998-10-01,163.9
2026-02-13,2026-02-13,1998-11-01,164.1
2026-02-13,2026-02-13,1998-12-01,164.4
2026-02-13,2026-02-13,1999-01-01,164.7
2026-02-13,2026-02-13,1999-02-01,164.7
2026-02-13,2026-02-13,1999-03-01,164.8
2026-02-13,2026-02-13,1999-04-01,165.9
2026-02-13,2026-02-13,1999-05-01,166.0
2026-02-13,2026-02-13,1999-06-01,166.0
2026-02-13,2026-02-13,1999-07-01,166.7
2026-02-13,2026-02-13,1999-08-01,167.1
2026-02-13,2026-02-13,1999-09-01,167.8
2026-02-13,2026-02-13,1999-10-01,168.1
2026-02-13,2026-02-13,1999-11-01,168.4
2026-02-13,2026-02-13,1999-12-01,168.8
2026-02-13,2026-02-13,2000-01-01,169.3
2026-02-13,2026-02-13,2000-02-01,170.0
2026-02-13,2026-02-13,2000-03-01,171.0
2026-02-13,2026-02-13,2000-04-01,170.9
2026-02-13,2026-02-13,2000-05-01,171.2
2026-02-13,2026-02-13,2000-06-01,172.2
2026-02-13,2026-02-13,2000-07-01,172.7
2026-02-13,2026-02-13,2000-08-01,172.7
2026-02-13,2026-02-13,2000-09-01,173.6
2026-02-13,2026-02-13,2000-10-01,173.9
2026-02-13,2026-02-13,2000-11-01,174.2
2026-02-13,2026-02-13,2000-12-01,174.6
2026-02-13,2026-02-13,2001-01-01,175.6
2026-02-13,2026-02-13,2001-02-01,176.0
2026-02-13,2026-02-13,2001-03-01,176.1
2026-02-13,2026-02-13,2001-04-01,176.4
2026-02-13,2026-02-13,2001-05-01,177.3
2026-02-13,2026-02-13,2001-06-01,177.7
2026-02-13,2026-02-13,2001-07-01,177.4
2026-02-13,2026-02-13,2001-08-01,177.4
2026-02-13,2026-02-13,2001-09-01,178.1
2026-02-13,2026-02-13,2001-10-01,177.6
2026-02-13,2026-02-13,2001-11-01,177.5
2026-02-13,2026-02-13,2001-12-01,177.4
2026-02-13,2026-02-13,2002-01-01,177.7
2026-02-13,2026-02-13,2002-02-01,178.0
2026-02-13,2026-02-13,2002-03-01,178.5
2026-02-13,2026-02-13,2002-04-01,179.3
2026-02-13,2026-02-13,2002-05-01,179.5
2026-02-13,2026-02-13,2002-06-01,179.6
2026-02-13,2026-02-13,2002-07-01,180.0
2026-02-13,2026-02-13,2002-08-01,180.5
2026-02-13,2026-02-13,2002-09-01,180.8
2026-02-13,2026-02-13,2002-10-01,181.2
2026-02-13,2026-02-13,2002-11-01,181.5
2026-02-13,2026-02-13,2002-12-01,181.8
2026-02-13,2026-02-13,2003-01-01,182.600
2026-02-13,2026-02-13,2003-02-01,183.600
2026-02-13,2026-02-13,2003-03-01,183.900
2026-02-13,2026-02-13,2003-04-01,183.200
2026-02-13,2026-02-13,2003-05-01,182.900
2026-02-13,2026-02-13,2003-06-01,183.100
2026-02-13,2026-02-13,2003-07-01,183.700
2026-02-13,2026-02-13,2003-08-01,184.5
2026-02-13,2026-02-13,2003-09-01,185.100
2026-02-13,2026-02-13,2003-10-01,184.9
2026-02-13,2026-02-13,2003-11-01,185.000
2026-02-13,2026-02-13,2003-12-01,185.500
2026-02-13,2026-02-13,2004-01-01,186.300
2026-02-13,2026-02-13,2004-02-01,186.700
2026-02-13,2026-02-13,2004-03-01,187.100
2026-02-13,2026-02-13,2004-04-01,187.400
2026-02-13,2026-02-13,2004-05-01,188.200
2026-02-13,2026-02-13,2004-06-01,188.900
2026-02-13,2026-02-13,2004-07-01,189.100
2026-02-13,2026-02-13,2004-08-01,189.200
2026-02-13,2026-02-13,2004-09-01,189.800
2026-02-13,2026-02-13,2004-10-01,190.8
2026-02-13,2026-02-13,2004-11-01,191.700
2026-02-13,2026-02-13,2004-12-01,191.700
2026-02-13,2026-02-13,2005-01-01,191.600
2026-02-13,2026-02-13,2005-02-01,192.400
2026-02-13,2026-02-13,2005-03-01,193.100
2026-02-13,2026-02-13,2005-04-01,193.700
2026-02-13,2026-02-13,2005-05-01,193.600
2026-02-13,2026-02-13,2005-06-01,193.700
2026-02-13,2026-02-13,2005-07-01,194.900
2026-02-13,2026-02-13,2005-08-01,196.100
2026-02-13,2026-02-13,2005-09-01,198.800
2026-02-13,2026-02-13,2005-10-01,199.100
2026-02-13,2026-02-13,2005-11-01,198.100
2026-02-13,2026-02-13,2005-12-01,198.100
2026-02-13,2026-02-13,2006-01-01,199.300
2026-02-13,2026-02-13,2006-02-01,199.400
2026-02-13,2026-02-13,2006-03-01,199.700
2026-02-13,2026-02-13,2006-04-01,200.700
2026-02-13,2026-02-13,2006-05-01,201.300
2026-02-13,2026-02-13,2006-06-01,201.800
2026-02-13,2026-02-13,2006-07-01,202.900
2026-02-13,2026-02-13,2006-08-01,203.800
2026-02-13,2026-02-13,2006-09-01,202.800
2026-02-13,2026-02-13,2006-10-01,201.900
2026-02-13,2026-02-13,2006-11-01,202.000
2026-02-13,2026-02-13,2006-12-01,203.100
2026-02-13,2026-02-13,2007-01-01,203.437
2026-02-13,2026-02-13,2007-02-01,204.226
2026-02-13,2026-02-13,2007-03-01,205.288
2026-02-13,2026-02-13,2007-04-01,205.904
2026-02-13,2026-02-13,2007-05-01,206.755
2026-02-13,2026-02-13,2007-06-01,207.234
2026-02-13,2026-02-13,2007-07-01,207.603
2026-02-13,2026-02-13,2007-08-01,207.667
2026-02-13,2026-02-13,2007-09-01,208.547
2026-02-13,2026-02-13,2007-10-01,209.190
2026-02-13,2026-02-13,2007-11-01,210.834
2026-02-13,2026-02-13,2007-12-01,211.445
2026-02-13,2026-02-13,2008-01-01,212.174
2026-02-13,2026-02-13,2008-02-01,212.687
2026-02-13,2026-02-13,2008-03-01,213.448
2026-02-13,2026-02-13,2008-04-01,213.942
2026-02-13,2026-02-13,2008-05-01,215.208
2026-02-13,2026-02-13,2008-06-01,217.463
2026-02-13,2026-02-13,2008-07-01,219.016
2026-02-13,2026-02-13,2008-08-01,218.690
2026-02-13,2026-02-13,2008-09-01,218.877
2026-02-13,2026-02-13,2008-10-01,216.995
2026-02-13,2026-02-13,2008-11-01,213.153
2026-02-13,2026-02-13,2008-12-01,211.398
2026-02-13,2026-02-13,2009-01-01,211.933
2026-02-13,2026-02-13,2009-02-01,212.705
2026-02-13,2026-02-13,2009-03-01,212.495
2026-02-13,2026-02-13,2009-04-01,212.709
2026-02-13,2026-02-13,2009-05-01,213.022
2026-02-13,2026-02-13,2009-06-01,214.790
2026-02-13,2026-02-13,2009-07-01,214.726
2026-02-13,2026-02-13,2009-08-01,215.445
2026-02-13,2026-02-13,2009-09-01,215.861
2026-02-13,2026-02-13,2009-10-01,216.509
2026-02-13,2026-02-13,2009-11-01,217.234
2026-02-13,2026-02-13,2009-12-01,217.347
2026-02-13,2026-02-13,2010-01-01,217.488
2026-02-13,2026-02-13,2010-02-01,217.281
2026-02-13,2026-02-13,2010-03-01,217.353
2026-02-13,2026-02-13,2010-04-01,217.403
2026-02-13,2026-02-13,2010-05-01,217.290
2026-02-13,2026-02-13,2010-06-01,217.199
2026-02-13,2026-02-13,2010-07-01,217.605
2026-02-13,2026-02-13,2010-08-01,217.923
2026-02-13,2026-02-13,2010-09-01,218.275
2026-02-13,2026-02-13,2010-10-01,219.035
2026-02-13,2026-02-13,2010-11-01,219.590
2026-02-13,2026-02-13,2010-12-01,220.472
2026-02-13,2026-02-13,2011-01-01,221.187
2026-02-13,2026-02-13,2011-02-01,221.898
2026-02-13,2026-02-13,2011-03-01,223.046
2026-02-13,2026-02-13,2011-04-01,224.093
2026-02-13,2026-02-13,2011-05-01,224.806
2026-02-13,2026-02-13,2011-06-01,224.806
2026-02-13,2026-02-13,2011-07-01,225.395
2026-02-13,2026-02-13,2011-08-01,226.106
2026-02-13,2026-02-13,2011-09-01,226.597
2026-02-13,2026-02-13,2011-10-01,226.750
2026-02-13,2026-02-13,2011-11-01,227.169
2026-02-13,2026-02-13,2011-12-01,227.223
2026-02-13,2026-02-13,2012-01-01,227.842
2026-02-13,2026-02-13,2012-02-01,228.329
2026-02-13,2026-02-13,2012-03-01,228.807
2026-02-13,2026-02-13,2012-04-01,229.187
2026-02-13,2026-02-13,2012-05-01,228.713
2026-02-13,2026-02-13,2012-06-01,228.524
2026-02-13,2026-02-13,2012-07-01,228.590
2026-02-13,2026-02-13,2012-08-01,229.918
2026-02-13,2026-02-13,2012-09-01,231.015
2026-02-13,2026-02-13,2012-10-01,231.638
2026-02-13,2026-02-13,2012-11-01,231.249
2026-02-13,2026-02-13,2012-12-01,231.221
2026-02-13,2026-02-13,2013-01-01,231.679
2026-02-13,2026-02-13,2013-02-01,232.937
2026-02-13,2026-02-13,2013-03-01,232.282
2026-02-13,2026-02-13,2013-04-01,231.797
2026-02-13,2026-02-13,2013-05-01,231.893
2026-02-13,2026-02-13,2013-06-01,232.445
2026-02-13,2026-02-13,2013-07-01,232.900
2026-02-13,2026-02-13,2013-08-01,233.456
2026-02-13,2026-02-13,2013-09-01,233.544
2026-02-13,2026-02-13,2013-10-01,233.669
2026-02-13,2026-02-13,2013-11-01,234.100
2026-02-13,2026-02-13,2013-12-01,234.719
2026-02-13,2026-02-13,2014-01-01,235.288
2026-02-13,2026-02-13,2014-02-01,235.547
2026-02-13,2026-02-13,2014-03-01,236.028
2026-02-13,2026-02-13,2014-04-01,236.468
2026-02-13,2026-02-13,2014-05-01,236.918
2026-02-13,2026-02-13,2014-06-01,237.231
2026-02-13,2026-02-13,2014-07-01,237.498
2026-02-13,2026-02-13,2014-08-01,237.460
2026-02-13,2026-02-13,2014-09-01,237.477
2026-02-13,2026-02-13,2014-10-01,237.430
2026-02-13,2026-02-13,2014-11-01,236.983
2026-02-13,2026-02-13,2014-12-01,236.252
2026-02-13,2026-02-13,2015-01-01,234.747
2026-02-13,2026-02-13,2015-02-01,235.342
2026-02-13,2026-02-13,2015-03-01,235.976
2026-02-13,2026-02-13,2015-04-01,236.222
2026-02-13,2026-02-13,2015-05-01,237.001
2026-02-13,2026-02-13,2015-06-01,237.657
2026-02-13,2026-02-13,2015-07-01,238.034
2026-02-13,2026-02-13,2015-08-01,238.033
2026-02-13,2026-02-13,2015-09-01,237.498
2026-02-13,2026-02-13,2015-10-01,237.733
2026-02-13,2026-02-13,2015-11-01,238.017
2026-02-13,2026-02-13,2015-12-01,237.761
2026-02-13,2026-02-13,2016-01-01,237.652
2026-02-13,2026-02-13,2016-02-01,237.336
2026-02-13,2026-02-13,2016-03-01,238.080
2026-02-13,2026-02-13,2016-04-01,238.992
2026-02-13,2026-02-13,2016-05-01,239.557
2026-02-13,2026-02-13,2016-06-01,240.222
2026-02-13,2026-02-13,2016-07-01,240.101
2026-02-13,2026-02-13,2016-08-01,240.545
2026-02-13,2026-02-13,2016-09-01,241.176
2026-02-13,2026-02-13,2016-10-01,241.741
2026-02-13,2026-02-13,2016-11-01,242.026
2026-02-13,2026-02-13,2016-12-01,242.637
2026-02-13,2026-02-13,2017-01-01,243.618
2026-02-13,2026-02-13,2017-02-01,244.006
2026-02-13,2026-02-13,2017-03-01,243.892
2026-02-13,2026-02-13,2017-04-01,244.193
2026-02-13,2026-02-13,2017-05-01,244.004
2026-02-13,2026-02-13,2017-06-01,244.163
2026-02-13,2026-02-13,2017-07-01,244.243
2026-02-13,2026-02-13,2017-08-01,245.183
2026-02-13,2026-02-13,2017-09-01,246.435
2026-02-13,2026-02-13,2017-10-01,246.626
2026-02-13,2026-02-13,2017-11-01,247.284
2026-02-13,2026-02-13,2017-12-01,247.805
2026-02-13,2026-02-13,2018-01-01,248.859
2026-02-13,2026-02-13,2018-02-01,249.529
2026-02-13,2026-02-13,2018-03-01,249.577
2026-02-13,2026-02-13,2018-04-01,250.227
2026-02-13,2026-02-13,2018-05-01,250.792
2026-02-13,2026-02-13,2018-06-01,251.018
2026-02-13,2026-02-13,2018-07-01,251.214
2026-02-13,2026-02-13,2018-08-01,251.663
2026-02-13,2026-02-13,2018-09-01,252.182
2026-02-13,2026-02-13,2018-10-01,252.772
2026-02-13,2026-02-13,2018-11-01,252.594
2026-02-13,2026-02-13,2018-12-01,252.767
2026-02-13,2026-02-13,2019-01-01,252.561
2026-02-13,2026-02-13,2019-02-01,253.319
2026-02-13,2026-02-13,2019-03-01,254.277
2026-02-13,2026-02-13,2019-04-01,255.233
2026-02-13,2026-02-13,2019-05-01,255.296
2026-02-13,2026-02-13,2019-06-01,255.213
2026-02-13,2026-02-13,2019-07-01,255.802
2026-02-13,2026-02-13,2019-08-01,256.036
2026-02-13,2026-02-13,2019-09-01,256.430
2026-02-13,2026-02-13,2019-10-01,257.155
2026-02-13,2026-02-13,2019-11-01,257.879
2026-02-13,2026-02-13,2019-12-01,258.630
2026-02-13,2026-02-13,2020-01-01,259.127
2026-02-13,2026-02-13,2020-02-01,259.250
2026-02-13,2026-02-13,2020-03-01,258.076
2026-02-13,2026-02-13,2020-04-01,256.032
2026-02-13,2026-02-13,2020-05-01,255.802
2026-02-13,2026-02-13,2020-06-01,257.042
2026-02-13,2026-02-13,2020-07-01,258.352
2026-02-13,2026-02-13,2020-08-01,259.316
2026-02-13,2026-02-13,2020-09-01,259.997
2026-02-13,2026-02-13,2020-10-01,260.319
2026-02-13,2026-02-13,2020-11-01,260.911
2026-02-13,2026-02-13,2020-12-01,262.045
2026-02-13,2026-02-13,2021-01-01,262.687
2026-02-13,2026-02-13,2021-02-01,263.579
2026-02-13,2026-02-13,2021-03-01,264.961
2026-02-13,2026-02-13,2021-04-01,266.614
2026-02-13,2026-02-13,2021-05-01,268.383
2026-02-13,2026-02-13,2021-06-01,270.654
2026-02-13,2026-02-13,2021-07-01,271.903
2026-02-13,2026-02-13,2021-08-01,272.676
2026-02-13,2026-02-13,2021-09-01,273.910
2026-02-13,2026-02-13,2021-10-01,276.550
2026-02-13,2026-02-13,2021-11-01,278.919
2026-02-13,2026-02-13,2021-12-01,280.845
2026-02-13,2026-02-13,2022-01-01,282.543
2026-02-13,2026-02-13,2022-02-01,284.500
2026-02-13,2026-02-13,2022-03-01,287.674
2026-02-13,2026-02-13,2022-04-01,288.561
2026-02-13,2026-02-13,2022-05-01,291.298
2026-02-13,2026-02-13,2022-06-01,294.957
2026-02-13,2026-02-13,2022-07-01,294.913
2026-02-13,2026-02-13,2022-08-01,295.097
2026-02-13,2026-02-13,2022-09-01,296.349
2026-02-13,2026-02-13,2022-10-01,298.007
2026-02-13,2026-02-13,2022-11-01,298.786
2026-02-13,2026-02-13,2022-12-01,298.832
2026-02-13,2026-02-13,2023-01-01,300.420
2026-02-13,2026-02-13,2023-02-01,301.450
2026-02-13,2026-02-13,2023-03-01,301.821
2026-02-13,2026-02-13,2023-04-01,302.845
2026-02-13,2026-02-13,2023-05-01,303.334
2026-02-13,2026-02-13,2023-06-01,304.014
2026-02-13,2026-02-13,2023-07-01,304.609
2026-02-13,2026-02-13,2023-08-01,306.082
2026-02-13,2026-02-13,2023-09-01,307.276
2026-02-13,2026-02-13,2023-10-01,307.696
2026-02-13,2026-02-13,2023-11-01,308.148
2026-02-13,2026-02-13,2023-12-01,308.741
2026-02-13,2026-02-13,2024-01-01,309.698
2026-02-13,2026-02-13,2024-02-01,310.967
2026-02-13,2026-02-13,2024-03-01,312.345
2026-02-13,2026-02-13,2024-04-01,313.023
2026-02-13,2026-02-13,2024-05-01,313.175
2026-02-13,2026-02-13,2024-06-01,313.044
2026-02-13,2026-02-13,2024-07-01,313.569
2026-02-13,2026-02-13,2024-08-01,314.062
2026-02-13,2026-02-13,2024-09-01,314.732
2026-02-13,2026-02-13,2024-10-01,315.631
2026-02-13,2026-02-13,2024-11-01,316.528
2026-02-13,2026-02-13,2024-12-01,317.604
2026-02-13,2026-02-13,2025-01-01,318.961
2026-02-13,2026-02-13,2025-02-01,319.679
2026-02-13,2026-02-13,2025-03-01,319.785
2026-02-13,2026-02-13,2025-04-01,320.302
2026-02-13,2026-02-13,2025-05-01,320.620
2026-02-13,2026-02-13,2025-06-01,321.435
2026-02-13,2026-02-13,2025-07-01,322.169
2026-02-13,2026-02-13,2025-08-01,323.291
2026-02-13,2026-02-13,2025-09-01,324.245
2026-02-13,2026-02-13,2025-10-01,.
2026-02-13,2026-02-13,2025-11-01,325.063
2026-02-13,2026-02-13,2025-12-01,326.031
2026-02-13,2026-02-13,2026-01-01,326.588
